Record ID,Company name,Company Domain Name,Website URL,LinkedIn Company Page,Phone Number,Street Address,City,State/Region,Postal Code,Country/Region,Industry,Number of Employees,Lifecycle Stage,Company owner,Last Activity Date,Create Date,Number of Associated Contacts,Number of Associated Deals,Lead Status,Number of Form Submissions,Recent Conversion Date,First Conversion,Additional Domains
15340503557,Zú,zumtl.com,zumtl.com,https://linkedin.com/company/zu-mtl, +1 514-556-2105,2200 Rue Stanley,Montreal,Quebec,H3A 1R6,Canada,Entertainment,30,Contact,Lisa Israelovitch,2023-10-10 21:04,2023-03-30 8:50,2,,,0,,,
10378450210,Ziggy,ziggy.xyz,ziggy.xyz,https://linkedin.com/company/ziggyxyz,,1061 Rue Saint-Alexandre,Montreal,Quebec,H2Z 1P5,Canada,Information Technology and Services,5,Lead,,,2022-12-17 12:36,1,,,0,,,
15168034422,Zendesk,lucidco.zendesk.com,lucidco.zendesk.com,https://linkedin.com/company/zendesk, +1 415-418-7506,989 Market Street,San Francisco,California,94103,United States,Computer Software,5866,Contact,,,2023-03-16 11:54,0,,,,,,
8975909231,Zbigniew Moszczynski,zmsurgical.com,zmsurgical.com,,12018580188,31 West 8th Street,Bayonne,New Jersey,7002,United States,Hospital & Health Care,250,,,,2022-06-23 15:17,1,,,0,,,
15397229210,Zavteq,zavteq.com,zavteq.com,https://linkedin.com/company/zavteq-inc,16086922468,923 West Fletcher Street,Chicago,Illinois,60657,United States,Computer Software,4,Contact,,2023-08-10 10:44,2023-04-05 17:36,1,,,0,,,
35606116535,Zapier,send.zapier.com,send.zapier.com,https://www.linkedin.com/company/zapier, +1 877-381-8743,548 Market Street,San Francisco,CA,18044,United States,Information Technology and Services,1000,Contact,Mark Kelly,2026-02-09 8:30,2023-04-10 14:00,5,,,0,,,zapier.com
10031962004,Z Society,amnie.org,amnie.org,https://linkedin.com/company/amnie-international, +1 778-918-4509,,Vancouver,British Columbia,,Canada,Professional Training & Coaching,10,Lead,,,2022-11-08 18:07,1,,,0,,,
39355783320,Yankee Alliance,yankeealliance.com,yankeealliance.com,https://linkedin.com/company/yankee-alliance,,138 River Rd,Andover,Massachusetts,1810,United States,Management Consulting,75,Contact,,,2025-09-10 15:41,1,,,0,,,
15190481495,Yale New Haven Hospital,ynhh.org,ynhh.org,https://linkedin.com/company/yale-new-haven-hospital,12036883430,20 York Street,New Haven,Connecticut,6510,United States,Hospital & Health Care,14984,Contact,,,2023-03-17 9:45,2,,New,0,,,
15349406762,Xenocor,xenocor.com,xenocor.com,https://linkedin.com/company/xenocor,650 9061119,630 Komas Drive,Salt Lake City,Utah,84108,United States,Medical Devices,10,Contact,,2023-03-31 8:59,2023-03-31 7:49,1,,,0,,,
49782647883,Wyandot Memorial Hospital,wyandotmemorial.org,wyandotmemorial.org,,,,,,,,,,Contact,,,2026-01-26 18:09,0,,New,,,,
8621989789,Wormhole Capital,wormholecap.com,wormholecap.com,https://linkedin.com/company/wormhole-capital,,,,,,,Venture Capital & Private Equity,5,,,2022-06-26 16:08,2022-05-06 22:24,1,,,0,,,
10283337074,Workable,workable.com,workable.com,https://linkedin.com/company/workable-hr,18579909675,33 Farnsworth Street,Boston,Massachusetts,2210,United States,Computer Software,450,Lead,,2022-12-21 11:47,2022-12-08 8:54,1,,,0,,,
39369275232,Wooster Community Hospital,wchosp.org,wchosp.org,,13302638100,,,,,,,3000,Contact,,,2025-09-11 13:33,2,,,0,,,
9658944090,Wittington Ventures,wittingtonventures.com,wittingtonventures.com,https://linkedin.com/company/wittington-ventures,,22 Saint Clair Avenue East,Toronto,Ontario,M1L 4T9,Canada,Venture Capital & Private Equity,10,Lead,,2023-02-08 11:27,2022-09-24 10:14,3,,,0,,,
43411138723,Williamson Health,williamsonhealth.org,williamsonhealth.org,https://linkedin.com/company/williamson-health,,4321 Carothers Parkway,Franklin,Tennessee,37067,United States,Hospital & Health Care,1500,Contact,,,2025-10-30 21:47,1,,New,,,,wmed.org
15994856307,White Star Capital,whitestarcapital.com,whitestarcapital.com,https://linkedin.com/company/white-star-capital,12392726030,19500 Vermont Avenue,Torrance,California,90502,United States,Venture Capital & Private Equity,30,Contact,Lisa Israelovitch,2023-06-15 9:30,2023-06-07 19:54,2,,,0,,,
35737210674,White Plains Hospital,wphospital.org,https://www.wphospital.org/,https://www.linkedin.com/company/whiteplainshospital,19146811201,41 East Post Road,White Plains,NY,10601,United States,Hospital & Health Care,5000,Lead,Lisa Israelovitch,2025-07-07 15:40,2025-02-26 10:21,6,,In Progress,0,,,
45777840767,West Virginia University Medicine,wvumedicine.org,wvumedicine.org,https://linkedin.com/company/wvumedicine,18669824278,1 Medical Center Drive,Morgantown,West Virginia,26505,United States,Hospital & Health Care,4299,Contact,Lisa Israelovitch,2025-09-30 20:15,2023-09-05 16:17,7,,New,0,,,hsc.wvu.edu
35018953324,West Tennessee Healthcare,wth.org,wth.org,https://linkedin.com/company/west-tennessee-healthcare,,620 Skyline Drive,Jackson,Tennessee,38301,United States,Hospital & Health Care,1750,Contact,Lisa Israelovitch,2025-06-13 9:30,2025-06-13 9:34,1,,New,0,,,
17745583200,WEST SUBURBAN HOSPITAL MEDICAL CENTER,westsubmc.com,westsubmc.com,https://linkedin.com/company/west-suburban-hospital-medical-center,7087636200,3 Erie Street,Oak Park,Illinois,60302,United States,Hospital & Health Care,10,Contact,Lisa Israelovitch,2023-11-16 21:11,2023-10-20 6:57,1,,New,0,,,
35590605629,Wellstar Health System,wellstar.org,wellstar.org,https://linkedin.com/company/wellstar-health-system, +1 470-644-0100,793 Sawyer Rd,Marietta,Georgia,30062,United States,Hospital & Health Care,7099,Contact,Greg Zenko,2025-08-20 14:24,2025-06-30 12:59,4,,New,0,,,
39351520351,WellSpan Health,wellspan.org,wellspan.org,https://linkedin.com/company/wellspan-health,17178515005,45 Monument Road,York,Pennsylvania,17403,United States,Hospital & Health Care,23000,Contact,,,2025-09-11 13:33,1,,New,0,,,
10051965325,Weglot,weglot.com,weglot.com,https://linkedin.com/company/weglot,12062664064,138 Rue Pierre Joigneaux,Bois-Colombes,Ile-de-France,92270,France,Online Media,75,Lead,,2022-11-14 9:23,2022-11-10 22:59,1,,,0,,,
14979224694,Web Summit,websummit.com,websummit.com,https://linkedin.com/company/web-summit, +353 1 443 3104,6 Dartry Road,Dublin 6,County Dublin,,Ireland,Events Services,455,Contact,,2023-03-12 21:40,2023-03-06 22:16,0,,,,,,
39400919825,Wayne State University,wayne.edu,wayne.edu,https://linkedin.com/company/wayne-state-university,13135772100,4809 Woodward Ave,Detroit,Michigan,48201,United States,Higher Education,6750,Contact,,,2025-09-11 13:33,1,,New,0,,,
49767125388,Wayne HealthCare (AKA Wayne Hospital),waynehealthcare.org,waynehealthcare.org,,,,,,,,,,Contact,,,2026-01-26 18:09,0,,New,,,,
10332380054,Wavemaker 360,wavemaker360.com,wavemaker360.com,https://www.linkedin.com/company/wavemaker360,,301 North Lake Avenue,Pasadena,California,91101,United States,Capital Markets,30,Lead,,2023-09-10 13:58,2022-12-12 15:57,5,,,0,,,
9912352901,Waterline Ventures,waterlineventures.com,waterlineventures.com,https://linkedin.com/company/waterline-ventures,6175765888,44 Brattle Street,Cambridge,Massachusetts,2138,United States,Venture Capital & Private Equity,5,Opportunity,Josh Buehler,2025-04-13 21:16,2022-10-26 20:14,3,1,,0,,,
42712396453,Wassenburg Medical,wassenburgmedical.com,wassenburgmedical.com,https://linkedin.com/company/wassenburg-medical-devices,,9 Edisonring,Dodewaard,Provincie Gelderland,6669 NA,The Netherlands,Medical Devices,330,Contact,Josh Buehler,,2025-10-27 11:46,1,,,0,,,
49776418153,Washington State Department of Social and Health Services,wa.gov,wa.gov,,,,,,,,,,Contact,,,2026-01-26 18:09,0,,New,,,,
49762480924,Washington County Hospital,wchonline.com,wchonline.com,,,,,,,,,,Contact,,,2026-01-26 18:09,0,,New,,,,
15548526902,Wardell Advisors llc,wardelladvisorsllc.com,wardelladvisorsllc.com,,,,,,,,,,Contact,Lisa Israelovitch,2023-05-04 7:28,2023-04-24 13:29,2,,,0,,,
39372706879,Ward Memorial Hospital,wardmemorial.com,wardmemorial.com,,,406 South Gary Avenue,Monahans,Texas,79756,United States,,75,Contact,,,2025-09-11 13:33,1,,,0,,,
39354775712,Walden University,waldenu.edu,waldenu.edu,https://linkedin.com/company/walden-university,18009253368,,Baltimore,Maryland,21240,United States,E-Learning,4250,Contact,,,2025-09-11 13:33,1,,New,0,,,
43385577803,WakeMed,wakemed.org,wakemed.org,https://linkedin.com/company/wakemed,19193508359,3000 New Bern Avenue,Raleigh,North Carolina,27601,United States,Hospital & Health Care,8000,Contact,Josh Buehler,,2025-10-30 19:02,1,,New,0,,,
17775944081,Volition Capital,volitioncapital.com,volitioncapital.com,https://linkedin.com/company/volition-capital,16178302100,800 Boylston Street,Boston,Massachusetts,2199,United States,Venture Capital & Private Equity,54,Contact,Lisa Israelovitch,,2023-10-23 16:23,1,,,0,,,
35606117661,Vizient,vizientinc.com,vizientinc.com,https://linkedin.com/company/vizient, +1 972-830-0000,290 E John Carpenter Fwy,Irving,Texas,75062,United States,Hospital & Health Care,6500,Contact,Lisa Israelovitch,2025-02-14 14:00,2025-02-26 10:21,3,,,0,,,
15649901911,Vivid Machines,vivid-machines.com,vivid-machines.com,https://linkedin.com/company/vivid-machines,,,Toronto,Ontario,,Canada,Industrial Automation,15,Contact,Lisa Israelovitch,,2023-05-03 18:55,1,,,0,,,
10205613473,ViVE Event,viveevent.com,viveevent.com,https://linkedin.com/company/theviveevent,,155 East 44th Street,New York,New York,10017,United States,Events Services,30,Lead,,2023-02-24 17:54,2022-11-29 23:01,1,,,0,,,
17745767332,Vitruvian Health,vitruvianhealth.com,hhcs.org,,17062726000,,,,,,,,Contact,Lisa Israelovitch,2023-10-25 13:27,2023-10-20 6:57,1,,New,0,,,hhcs.org
8727559180,Virtue,virtuevc.com,virtuevc.com,https://linkedin.com/company/virtuevc,,,Austin,Texas,73301,United States,Venture Capital & Private Equity,30,,,2022-05-26 10:21,2022-05-18 12:56,1,,,0,,,
8109917768,virtualcsuite,virtualcsuite.ca,virtualcsuite.ca,https://linkedin.com/company/virtualc-suite,,,,,,Canada,Professional Training & Coaching,5,,,,2022-03-05 21:48,1,,,0,,,
30417870152,Virtua Health,virtua.org,https://www.virtua.org,https://linkedin.com/company/virtuahealth,18888478823,303 Lippincott Dr,Marlton,New Jersey,8053,United States,Hospital & Health Care,8400,Contact,Lisa Israelovitch,,2025-02-26 10:21,3,,New,0,,,
9864051834,VirtaMed,virtamed.com,virtamed.com,https://linkedin.com/company/virtamed,41445009690,12 Rütistrasse,Schlieren,Kanton Zuerich,8952,Switzerland,Hospital & Health Care,100,Lead,,,2022-10-21 11:32,0,,,,,,
22863868530,Virginia Hospital & Healthcare Association,vhha.com,vhha.com,https://linkedin.com/company/virginia-hospital-and-healthcare-association,18049651352,4200 Innslake Drive,Glen Allen,Virginia,23060,United States,Hospital & Health Care,17,Contact,Lisa Israelovitch,,2024-09-09 11:53,1,,,0,,,
27602564498,Viam,viam.com,viam.com,https://linkedin.com/company/viaminc,,1900 Broadway,New York,New York,10023,United States,Information Technology and Services,150,Contact,Lisa Israelovitch,2025-07-04 16:20,2024-12-23 19:06,3,,,0,,,
49777502128,Veterans Memorial Hospital,veteransmemorialhospital.com,veteransmemorialhospital.com,,,,,,,,,,Contact,,,2026-01-26 18:09,0,,New,,,,
42875514231,Veterans Affairs,va.gov,va.gov,https://linkedin.com/company/department-of-veterans-affairs, +1 800-698-2411,810 Vermont Avenue Northwest,Washington,District of Columbia,20420,United States,Hospital & Health Care,350790,Contact,Josh Buehler,,2025-10-27 11:46,1,,New,0,,,
39368037138,VCU Health,vcuhealth.org,vcuhealth.org,https://linkedin.com/company/vcu-health-system,18048287929,1250 E. Marshall Street,Richmond,Virginia,23219,United States,Hospital & Health Care,11600,Contact,,,2025-09-11 13:33,2,,New,0,,,
9038806853,Varia Ventures,varia.com,varia.com,https://linkedin.com/company/varia-ventures, +1 410-536-1900,50 Fountain Plaza,Buffalo,New York,14202,United States,Venture Capital & Private Equity,10,,,2023-10-04 18:07,2022-07-02 10:30,4,,,0,,,
17364447606,Vantage Point Logistics,vantagepointlogistics.com,vantagepointlogistics.com,https://linkedin.com/company/vantage-point-logistics-inc,614-707-9751,1275 Kinnear Road,Columbus,Ohio,43212,United States,Transportation/Trucking/Railroad,30,Contact,Lisa Israelovitch,2025-12-18 16:00,2023-09-17 22:12,2,,,0,,,
30037819474,Vanderbilt Health Supply Chain Solutions,vanderbilthealthsupplychainsolutions.com,https://www.vanderbilthealthsupplychainsolutions.com,https://linkedin.com/company/vanderbilt-health-supply-chain-solutions,16159691383,500 Wilson Pike Circle,Brentwood,Tennessee,37027,United States,Hospital & Health Care,,Contact,Lisa Israelovitch,2025-03-17 21:46,2025-02-16 12:00,1,,New,1,2026-02-09 15:03,Learn more about AssistIQ and enter to win an Oura Ring: Demo Request,
42701440399,Vanderbilt Health,vumc.org,vumc.org,https://linkedin.com/company/vanderbilt-eye-institute,,21st S Ave,Nashville,Tennessee,37232,United States,Hospital & Health Care,75,Contact,Josh Buehler,2026-01-20 11:00,2025-10-27 11:46,9,,New,0,,,
45364471315,Vandalia Health,vandaliahealth.org,vandaliahealth.org,https://linkedin.com/company/vandalia-health,,1 East National Road,Vandalia,Ohio,45377,United States,Hospital & Health Care,10,Contact,Lisa Israelovitch,2025-10-30 19:12,2025-09-10 15:41,1,,New,0,,,vandaliahealth.com
42851334444,Valley Health System (New Jersey),valleyhealth.com,valleyhealth.com,https://linkedin.com/company/valley-health-system_2,,223 North Van Dien Avenue,Ridgewood,New Jersey,7450,United States,Hospital & Health Care,2750,Contact,Josh Buehler,,2025-10-27 11:46,3,,New,0,,,
42719199591,Valley Health (Virginia) ,valleyhealthlink.com,valleyhealthlink.com,https://linkedin.com/company/valley-health,15405366287,1840 Amherst St,Winchester,Virginia,22601,United States,Hospital & Health Care,6000,Contact,Josh Buehler,,2025-10-27 8:00,2,,New,0,,,
15282714170,Valence,valence.co,valence.co,https://linkedin.com/company/valenceteams,,733 3rd Avenue,New York,New York,10017,United States,Information Technology and Services,125,Contact,,2023-04-19 11:43,2023-03-24 12:48,1,,,0,,,
46917945452,Val Verde Regional Medical Center,vvrmc.org,vvrmc.org,,18444325391,801 North Bedell Avenue,Del Rio,Texas,78840,United States,Hospital & Health Care,240,Contact,,,2025-12-09 14:23,1,,,0,,,
39366794641,UW Health,uwhealth.org,uwhealth.org,https://linkedin.com/company/uw-health,16082638009,600 Highland Avenue,Madison,Wisconsin,53792,United States,Hospital & Health Care,10000,Opportunity,Amy Brown,2026-02-04 18:49,2025-09-11 13:33,6,1,Open Deal,0,,,
50571057592,UVA Health,uvahealth.org,http://uvahealth.org,,14349248718,1215 Lee St.,Charlottesville,VA,22903,,Hospital & Health Care,7150,Marketing Qualified Lead,Stephen Boswell,2026-02-06 11:55,2026-02-03 12:36,1,,,1,2026-02-03 12:36,Learn more about AssistIQ: Demo Request,
30418042466,UVA Health,uvahealth.com,https://www.uvahealth.com,https://linkedin.com/company/uva-health,18443770846,1215 Lee Street,Charlottesville,Virginia,22908,United States,Hospital & Health Care,7500,Contact,Lisa Israelovitch,,2025-02-26 10:21,1,,New,0,,,
35606116464,Urban Bonfire,urbanbonfire.ca,urbanbonfire.ca,https://www.linkedin.com/company/urban-bonfire, +1 514-932-8227,3700 RUE SAINT-PATRICK,Montréal,Quebec,H4E 1A2,Canada,Retail,50,,Lisa Israelovitch,2022-06-11 9:12,2022-05-17 15:20,2,,,0,,,urbanbonfire.com
39351988372,Upstate Medical University,upstate.edu,upstate.edu,https://linkedin.com/company/suny-upstate-medical-university-hospital,13154644570,,Syracuse,New York,13201,United States,Higher Education,676,Contact,Josh Buehler,,2025-09-11 13:33,5,,New,0,,,
50601554039,UPMC,upmc.com,http://www.upmc.com,http://www.linkedin.com/company/upmc,14126478762,200 Lothrop Street,Pittsburgh,Pennsylvania,15213,United States,Hospital & Health Care,100000,Contact,Josh Buehler,,2026-02-03 17:30,1,,,,,,
46434352190,University of Washington,uw.edu,uw.edu,https://linkedin.com/school/university-of-washington,14253525000,,Tacoma,Washington,98401,United States,Higher Education,687,Contact,Lisa Israelovitch,2025-12-16 18:00,2025-12-02 18:20,2,,,0,,,
10846528130,University of Vermont Health,uvmhealth.org,uvmhealth.org,https://linkedin.com/company/the-university-of-vermont-health-network,18028478000,111 Colchester Avenue,Burlington,Vermont,5401,United States,Hospital & Health Care,10000,Sales Accepted Lead,Lisa Israelovitch,2025-11-24 10:42,2023-01-18 9:28,13,1,New,5,2025-04-24 8:22,2025 ORBM Webinar Registration: ORBM Webinar Form,med.uvm.edu
43197025552,University of Utah,utah.edu,utah.edu,https://linkedin.com/company/university-of-utah---employment,,201 Presidents Circle,Salt Lake City,Utah,84112,United States,Higher Education,4250,Contact,Josh Buehler,,2025-10-29 15:11,1,,New,1,2025-10-29 15:11,Coffee at Beckers: Pitchers - 2025,healthcare.utah.edu
17418938256,University of Texas System,utsystem.edu,utsystem.edu,https://linkedin.com/company/the-university-of-texas-system,15124994200,210 West 7th Street,Austin,Texas,78701,United States,Higher Education,116000,Contact,Lisa Israelovitch,2023-10-10 13:29,2023-09-22 9:33,1,,New,0,,,
39289178801,University of Texas Medical Branch,utmb.edu,utmb.edu,https://linkedin.com/company/utmb-school-of-health-professions,,301 University Boulevard,Galveston,Texas,77550,United States,Hospital & Health Care,120,Contact,Josh Buehler,2025-09-09 13:58,2025-09-09 13:58,1,,New,0,,,
30417465136,University of Tennessee Medical Center,utmedicalcenter.org,https://www.utmedicalcenter.org,https://linkedin.com/company/ut-medical-center,18653059000,1924 Alcoa Highway,Knoxville,Tennessee,37920,United States,Hospital & Health Care,4034,Contact,Lisa Israelovitch,2025-07-07 16:40,2025-02-26 10:21,1,,New,0,,,
39351988373,University of Southern California (USC),med.usc.edu,med.usc.edu,https://linkedin.com/school/keckschoolusc,12137405555,,Los Angeles,California,90001,United States,Higher Education,21320,Contact,,,2025-09-11 13:33,3,,New,0,,,chla.usc.edu; usc.edu; keck.usc.edu
12534969628,University of Rochester Medical Center,urmc.rochester.edu,urmc.rochester.edu,https://linkedin.com/company/university-of-rochester-medical-center,15852763000,500 Wilson Boulevard,Rochester,New York,14627,United States,Hospital & Health Care,10001,Contact,Josh Buehler,2024-02-25 20:56,2023-02-10 18:12,5,,New,0,,,rochester.edu
45363960225,University of Pittsburgh Medical Center (UPMC),upmc.edu,upmc.edu,https://linkedin.com/company/upmc-hillman-cancer-center,14126478762,225 S Center Ave.,Somerset,PA,15501,United States,Hospital & Health Care,570,Lead,Josh Buehler,2026-02-06 12:20,2025-08-06 7:21,7,,In Progress,1,2026-02-03 18:13,Learn more about AssistIQ: Demo Request,upmc.com
17314256281,University of Pavia,unipv.it,unipv.it,https://linkedin.com/school/university-of-pavia,390382984020,CORSO STRADA NUOVA 65,Pavia,Pavia,3111,Italy,Higher Education,981,Contact,Lisa Israelovitch,2023-09-16 4:47,2023-09-13 16:18,1,,New,0,,,
39213024624,University of Notre Dame,nd.edu,nd.edu,https://linkedin.com/school/university-of-notre-dame---mendoza-college-of-business,15746315000,201 Main Avenue,Notre Dame,Indiana,46556,United States,Higher Education,1500,Contact,Josh Buehler,2025-12-09 17:00,2025-09-05 16:27,3,,,1,2025-10-29 15:50,Request a demo: Demo Request,
39366332208,University of North Carolina at Chapel Hill,unchealth.unc.edu,unchealth.unc.edu,https://linkedin.com/school/university-of-north-carolina-at-chapel-hill,19199622211,,Chapel Hill,North Carolina,27514,United States,Hospital & Health Care,40000,Contact,Josh Buehler,2025-11-06 10:08,2025-09-11 13:33,4,,Connected,0,,,
36055357831,University of Missouri Health Care,health.missouri.edu,health.missouri.edu,https://linkedin.com/school/university-of-missouri, +1 207-556-0300,801 Conley Avenue,Columbia,Missouri,65211,United States,Higher Education,16907,Contact,Josh Buehler,2025-09-09 16:29,2025-07-11 18:03,2,,New,0,,,muhealth.org
40782673553,University of Minnesota,umn.edu,umn.edu,https://linkedin.com/school/university-of-minnesota-duluth,,,,Minnesota,,United States,Higher Education,3750,Contact,Josh Buehler,2025-10-15 19:01,2025-10-03 15:15,1,,Connected,0,,,
15042476347,University of Miami,med.miami.edu,med.miami.edu,https://linkedin.com/school/university-of-miami-miller-school-of-medicine,13052434255,1834 Southwest 27th Avenue,Miami,Florida,33145,United States,Higher Education,3000,Contact,,,2023-03-09 18:54,1,,New,0,,,
30416864125,University of Maryland Medical Center,umm.edu,https://www.umms.org,https://linkedin.com/company/university-of-maryland-medical-center, +1 800-492-5538,301 Hospital Dr.,Glen Burnie,MD,21061,Brazil,Hospital & Health Care,6500,Contact,Lisa Israelovitch,2026-02-06 12:27,2025-02-26 10:21,3,,New,1,2026-02-03 18:15,Learn more about AssistIQ: Demo Request,umm.edu
50601554040,University of Kentucky,uky.edu,https://uky.edu,http://www.linkedin.com/school/university-of-kentucky-college-of-law, +1 859-257-0200,620 S Limestone,Lexington,Kentucky,40508,United States,Higher Education,12000,Lead,Josh Buehler,,2026-02-03 17:30,1,,,0,,,
39343410711,University of Kansas Medical Center,kumc.edu,kumc.edu,, +1 913-588-5000,3901 Rainbow Boulevard,Kansas City,Kansas,66103,United States,Higher Education,4084,Contact,MacKenzie Masten,,2025-09-10 15:41,3,,New,0,,,
35455751778,University of Iowa,uiowa.edu,uiowa.edu,https://linkedin.com/school/university-of-iowa, +1 319-335-3500,,Iowa City,Iowa,52246,United States,Hospital & Health Care,2296,Contact,Greg Zenko,2025-09-29 6:23,2025-06-26 10:32,3,,New,0,,,uihc.org
30026396733,University of Illinois Hospital & Clinics,uillinois.edu,uillinois.edu,https://linkedin.com/company/universityofillinoisfoundation,,506 S Wright St,Urbana,Illinois,61801,United States,Hospital & Health Care,240,Lead,Lisa Israelovitch,2025-06-30 8:30,2025-02-16 12:00,5,,In Progress,0,,,
31287098373,University of Illinois Chicago,uic.edu,uic.edu,https://linkedin.com/company/uicompeoria,13124130003,1200 W Harrison St,Chicago,Illinois,60607,United States,Higher Education,12000,Lead,Lisa Israelovitch,2025-08-01 10:00,2025-03-21 15:41,5,1,Open Deal,0,,,
42875978306,University of Florida Health (UF Health),ufhealth.org,ufhealth.org,https://linkedin.com/company/uf-health, +1 352-265-0441,1600 Southwest Archer Road,Gainesville,Florida,32608,United States,Hospital & Health Care,4250,Contact,Josh Buehler,,2025-10-27 11:46,3,,New,0,,,
48946741867,University of Connecticut Health Center (UConn),uchc.edu,https://health.uconn.edu,,18606794713,,,Connecticut,,United States,Higher Education,2840,Opportunity,Stephen Boswell,2026-02-10 13:57,2026-01-13 14:16,5,1,New,1,2026-01-13 14:16,Request a demo: Demo Request,uconn.edu
15485372070,"University of California, Irvine",hs.uci.edu,hs.uci.edu,https://linkedin.com/school/uci-school-of-medicine,19498246703,100 Theory,Irvine,California,92602,United States,Higher Education,13000,Contact,Lisa Israelovitch,2023-06-16 11:00,2023-04-17 9:35,3,,New,0,,,
49755519892,University of Arkansas for Medical Sciences Health (AKA UAMS Health),uams.edu,uams.edu,,,"4301 W Markham St., Slot 722",Little Rock,AR,72205,,,,Contact,Stephen Boswell,2026-02-06 12:25,2026-01-26 18:09,1,,New,1,2026-02-03 18:14,Learn more about AssistIQ: Demo Request,
35611093029,University Hospitals,uhhospitals.org,uhhospitals.org,https://www.linkedin.com/company/university-hospitals, +1 866-844-2273,11100 Euclid Avenue,Cleveland,OH,44106,United States,Hospital & Health Care,10000,Lead,Greg Zenko,2025-10-30 18:00,2022-09-06 12:53,14,,In Progress,0,,,
10849677058,University Health Network,uhn.ca,uhn.ca,https://linkedin.com/company/university-health-network,14163403777,R Fraser Elliott Building 5th Fl 190 Elizabeth St,Toronto,Ontario,M5G 2C4,Canada,Hospital & Health Care,14990,Contact,,2023-05-04 11:50,2023-01-18 10:48,1,,New,0,,,
50094910387,University Health,universityhealth.com,universityhealth.com,https://linkedin.com/company/universityhealthsa,,4502 Medical Drive,San Antonio,Texas,78229,United States,Hospital & Health Care,3000,Contact,Mark Kelly,,2026-01-28 13:09,0,,New,,,,
39367648157,University Health,uhkc.org,uhkc.org,,18164048484,,,,,,Management Consulting,3000,Contact,,,2025-09-10 15:41,1,,New,0,,,universityhealthkc.org
8776602372,University at Buffalo Center for Entrepreneurial Leadership,buffalo.edu,buffalo.edu,https://linkedin.com/school/universityatbuffalo, +1 716-645-2000,701 Ellicott Street,Buffalo,New York,14203,United States,Higher Education,2509,Opportunity,Lisa Israelovitch,2023-12-20 9:00,2022-05-24 16:46,8,1,,0,,,
8691270675,Université de Montréal,umontreal.ca,umontreal.ca,https://linkedin.com/school/universite-de-montreal,15143436111,1700 Rue Jacques Tetreault,Montreal,Quebec,H3T 1J4,Canada,Higher Education,10652,,Lisa Israelovitch,2026-02-04 19:30,2022-05-13 13:17,5,,,0,,,
45363960222,Universal Health Services Inc,uhsinc.com,uhsinc.com,https://linkedin.com/company/uhs, +1 610-768-3300,367 South Gulph Road,King of Prussia,Pennsylvania,19406,United States,Hospital & Health Care,89000,Contact,Josh Buehler,,2025-09-10 15:41,2,,New,0,,,uhsinc.co
39362773646,UnityPoint Health,unitypoint.org,unitypoint.org,https://linkedin.com/company/unity-point-health,18338744243,1776 West Lakes Parkway,West Des Moines,Iowa,50266,United States,Hospital & Health Care,10000,Contact,,,2025-09-11 13:33,2,,New,0,,,
39356936578,Unity Physicians Hospital,unityphysicianshospital.com,unityphysicianshospital.com,,15742316800,4455 Edison Lakes Parkway,Mishawaka,Indiana,46545,United States,Hospital & Health Care,,Contact,,,2025-09-11 13:33,1,,,0,,,
38953818908,Unito,unito.io,unito.io,https://linkedin.com/company/unito,,3225 Rue de la Forge,Montreal,Quebec,H1Y 3J1,Canada,Information Technology and Services,150,Contact,Josh Buehler,2025-09-06 16:16,2025-08-29 9:41,1,,,0,,,
16368606836,United Surgical Partners International,uspi.com,uspi.com,https://linkedin.com/company/united-surgical-partners-international-inc,18008384427,15305 Dallas Pkwy,Addison,Texas,75001,United States,Hospital & Health Care,20000,Contact,Lisa Israelovitch,2023-07-05 14:17,2023-07-10 12:01,1,,New,0,,,
39396612112,United Musculoskeletal Partners,umpartners.com,umpartners.com,https://linkedin.com/company/united-muskuloskeletal-partners,,400 Perimeter Center Terrace,Atlanta,Georgia,30346,United States,"Health, Wellness and Fitness",180,Contact,,,2025-09-11 13:33,2,,,0,,,
49751993868,United Health Services,nyuhs.org,nyuhs.org,,,,,,,,,,Contact,,,2026-01-26 18:09,0,,New,,,,
49769281970,UNC Health (FKA UNC Health Care),unchealth.org,unchealth.org,,,,,,,,,,Contact,,,2026-01-26 18:09,0,,New,,,,
30408859927,UMC Health System,umchealthsystem.com,umchealthsystem.com,https://linkedin.com/company/umc-health-system,,602 Indiana Ave,Lubbock,Texas,79415,United States,Hospital & Health Care,2000,Contact,Lisa Israelovitch,,2025-02-26 10:21,3,,New,0,,,
14993149540,UMass Memorial Health,umassmemorial.org,umassmemorial.org,https://www.linkedin.com/company/umassmemorialhealth,15083341000,40 Wright St,Palmer,Massachusetts,1069,United States,Hospital & Health Care,6780,Lead,Lisa Israelovitch,2025-04-25 9:42,2023-03-07 18:08,8,1,In Progress,0,,,ummhealth.org
14993156698,UMass Lowell,uml.edu,uml.edu,https://www.linkedin.com/company/university-of-massachusetts-lowell,19789342100,220 Pawtucket Street,Lowell,Massachusetts,1854,United States,Higher Education,4154,Contact,,2025-01-22 12:30,2023-03-07 18:08,1,,New,0,,,
35448528247,Ui Family Care-Family Practice,uihealthcare.com,uihealthcare.com,,,200 Hawkins Drive,Iowa City,Iowa,52242,United States,Hospital & Health Care,,Contact,Greg Zenko,2025-06-23 14:09,2025-06-26 10:33,1,,New,0,,,
30026396749,UHS Hospitals,uhs.com,uhs.com,https://linkedin.com/company/uhs, +1 610-768-3300,6625 West 78th Street,Minneapolis,Minnesota,55439,United States,Hospital & Health Care,9250,Contact,Lisa Israelovitch,2025-06-02 8:00,2025-02-16 12:00,4,,New,0,,,
35611094135,UCSF Health,ucsf.edu,ucsf.edu,https://www.linkedin.com/school/ucsf,4154769000,513 Parnassus Ave,San Francisco,CA,94143,United States,Hospital & Health Care,5000,Contact,Stephen Boswell,2025-11-04 12:00,2023-09-13 9:16,8,,New,1,2026-02-10 14:48,Learn more about AssistIQ and enter to win an Oura Ring: Demo Request,
45285844743,UCLA Health,uclahealth.org,mednet.ucla.edu,https://www.linkedin.com/company/ucla,13108251234,405 Hilgard Avenue,Los Angeles,California,90024,United States,Hospital & Health Care,46000,Contact,Lisa Israelovitch,2025-06-02 10:13,2024-01-31 15:17,10,,New,0,,,mednet.ucla.edu; ucla.edu
45871905339,UChicago Medicine,uchicagomedicine.org,uchicagomedicine.org,https://linkedin.com/company/university-of-chicago-medicine,18888240200,,Chicago,Illinois,60637,United States,Hospital & Health Care,10000,Contact,Lisa Israelovitch,2025-09-29 7:31,2025-06-30 13:23,6,,New,0,,,uchospitals.edu; bsd.uchicago.edu; uchicago.edu
39366720028,UCHealth,uchealth.org,uchealth.org,https://linkedin.com/company/uchealth,17193655621,12401 East 17th Avenue,Aurora,Colorado,80045,United States,Hospital & Health Care,25000,Contact,Josh Buehler,2026-02-10 15:42,2025-09-10 15:41,4,,New,0,,,
15177120295,UC Davis,ucdavis.edu,ucdavis.edu,https://linkedin.com/company/ucdavishealth, +1 530-752-1011,1 Shields Avenue,Davis,California,95616,United States,Higher Education,6250,Contact,Josh Buehler,2023-11-28 15:51,2023-03-16 19:26,3,,New,0,,,
16648903970,UB Neurosurgery,ubns.com,ubns.com,https://linkedin.com/company/university-at-buffalo-neurosurgery,17162181000,3980 Sheridan Drive,Buffalo,New York,14226,United States,Hospital & Health Care,130,Contact,Lisa Israelovitch,2023-11-16 16:00,2023-07-20 18:58,1,,New,0,,,
30002636562,UAB Medicine,uabmc.edu,uabmc.edu,https://www.linkedin.com/company/uab-medicine,8775330334,417 20TH ST N,Birmingham,AL,35203,United States,Hospital & Health Care,10000,Contact,Michael Stamatinos (Deactivated User),2025-04-28 8:00,2024-02-12 17:11,5,,New,1,2026-02-10 12:58,Learn more about AssistIQ and enter to win an Oura Ring: Demo Request,uabmc.edu
37392632705,Two Sigma Ventures,twosigmaventures.com,twosigmaventures.com,https://linkedin.com/company/two-sigma-ventures,16462137713,100 6th Avenue,New York,New York,10013,United States,Venture Capital & Private Equity,30,Contact,Josh Buehler,,2025-08-07 9:57,1,,,0,,,
39351520350,Tulane University,tulane.edu,tulane.edu,https://linkedin.com/school/tulane-university,,6823 Saint Charles Ave,New Orleans,Louisiana,70118,United States,Higher Education,7000,Contact,,,2025-09-11 13:33,1,,New,0,,,
14974178382,Tufts Medicine,tuftsmedicine.org,tuftsmedicine.org,https://linkedin.com/company/tuftsmedicine, +1 617-636-5000,800 District Avenue,Burlington,Massachusetts,1803,United States,Hospital & Health Care,630,Lead,Lisa Israelovitch,2025-11-20 15:55,2023-03-06 15:28,7,1,In Progress,0,,,
16311223305,TTT Studios,ttt.studio,ttt.studio,https://linkedin.com/company/tttstudios,855-338-6222,777 Dunsmuir Street,Vancouver,British Columbia,V7Y 1G6,Canada,Animation,30,Contact,Lisa Israelovitch,2023-07-04 13:30,2023-07-04 13:14,1,,,0,,,
12123900569,tryromainberg.com,tryromainberg.com,tryromainberg.com,,,,,,,,,,Contact,,,2023-02-08 9:12,1,,,0,,,
18181905228,tryleadgraph.com,tryleadgraph.com,tryleadgraph.com,,,,,,,,,,Contact,Lisa Israelovitch,,2023-11-22 11:28,0,,,,,,
15664424587,True Ventures,trueventures.com,trueventures.com,https://linkedin.com/company/true-ventures, +1 650-283-2679,4192 El Camino Real,Palo Alto,California,94306,United States,Venture Capital & Private Equity,30,Contact,Lisa Israelovitch,2023-05-18 15:00,2023-05-05 11:09,1,,,0,,,
21257426306,Triventures,triventures.vc,triventures.vc,https://linkedin.com/company/triventures,,4370 Alpine Road,Portola Valley,California,94028,United States,Venture Capital & Private Equity,10,Contact,Lisa Israelovitch,2024-06-18 13:30,2024-06-04 21:43,2,,,0,,,
45363960224,Trinity Health,trinity-health.org,trinity-health.org,https://linkedin.com/company/trinityhealth,18777504748,20555 Victor Parkway,Livonia,Michigan,48152,United States,Hospital & Health Care,133000,Sales Accepted Lead,Lisa Israelovitch,2025-12-08 15:41,2023-12-16 15:07,18,1,New,0,,,trinityhealth.org; mercyhealth.com; mercyone.org
10194215524,Trillium Health Partners,thp.ca,thp.ca,https://linkedin.com/company/2949012,19058133971,89 Queensway West,Toronto,Ontario,L5B 2V2,Canada,Hospital & Health Care,8500,Contact,Lisa Israelovitch,2023-11-29 12:00,2022-11-28 15:09,8,,New,0,,,
15533737261,Transpharmed,transpharmed.com,transpharmed.com,https://www.linkedin.com/company/transpharmed,,3535 Peachtree Road,Atlanta,Georgia,30326,United States,Professional Training & Coaching,5,Contact,Lisa Israelovitch,2023-05-10 14:48,2023-04-21 20:43,2,,,0,,,
44050058086,Tower Health,towerhealth.org,towerhealth.org,https://linkedin.com/company/towerhealth,,420 South 5th Avenue,Reading,Pennsylvania,19611,United States,Hospital & Health Care,2250,Contact,MacKenzie Masten,,2025-11-06 14:19,2,,New,0,,,
15471448200,Touchdown Ventures,touchdownvc.com,touchdownvc.com,https://linkedin.com/company/touchdown-ventures,856.431.3535,1628 John F Kennedy Boulevard,Philadelphia,Pennsylvania,19103,United States,Venture Capital & Private Equity,150,Contact,,2024-07-11 9:34,2023-04-14 18:01,1,,,0,,,
44054280602,Total Site Solutions,tss-hi.com,tss-hi.com,,18085310127,,,,,,Hospital & Health Care,30,Contact,,,2025-11-06 14:19,1,,,0,,,
10848728872,Toronto Western Hospital,,,https://www.linkedin.com/company/toronto-western-hospital/,,,Toronto,ON,M5T 2S8,,Hospital & Health Care,,Contact,Howard Fried (Deactivated User),2023-02-17 12:23,2023-01-18 10:46,1,,New,,,,
9947947780,Tooly,tooly.ca,tooly.ca,https://linkedin.com/company/tooly, +1 438 801 0490,,,,,Canada,Computer Software,15,Lead,,2023-02-21 15:57,2022-11-01 11:39,4,,,0,,,
8899159896,tokarsky.com,tokarsky.com,tokarsky.com,,,,,,,,,,,,,2022-06-12 11:10,1,,,0,,,
8791848561,TMC Houston,tmc.edu,tmc.edu,https://linkedin.com/company/texas-medical-center, +1 713-791-8800,6550 Bertner Ave,Houston,Texas,77030,United States,Higher Education,200,,,,2022-05-26 11:57,1,,,0,,,
49760777573,TMC Health,tmcaz.com,tmcaz.com,,,,,,,,,,Contact,,,2026-01-26 18:09,0,,New,,,,
15510801473,TLM,tlmgo.com,tlmgo.com,https://linkedin.com/company/solutions-tlm,14185403324,930 Rue Jacques-Cartier Est,Quebec,Quebec,G7H 7K9,Canada,Computer Software,90,Contact,,,2023-04-19 19:55,2,,,0,,,
16946756770,Tkxel,tkxel.net,tkxel.net,,15715548110,"143 K, Model Town",Reston,Virginia,54700,United States,Information Technology and Services,700,Contact,Lisa Israelovitch,,2023-08-14 10:30,1,,,0,,,
17529722511,Tiumed,tiumedendo.com,tiumedendo.com,https://linkedin.com/company/tiumed-llc,612-840-9808,700 Commerce Drive,Saint Paul,Minnesota,55125,United States,Hospital & Health Care,5,Contact,Lisa Israelovitch,2023-10-04 18:07,2023-09-30 12:03,1,,,0,,,
12075679638,tinkerventures.live,tinkerventures.live,tinkerventures.live,,,,,,,,,,Contact,,,2023-02-07 10:53,1,,,0,,,
49778122126,Tidelands Health,tidelandshealth.org,tidelandshealth.org,,,,,,,,,,Contact,,,2026-01-26 18:09,0,,New,,,,
9730429469,thomasparis.co,thomasparis.co,thomasparis.co,,13127591600,,,,,,,,Lead,,2022-10-04 11:04,2022-10-04 11:02,1,,,0,,,
45778585975,Thomas Jefferson University Health System,jeffersonhealth.org,jefferson.edu,https://linkedin.com/school/thomas-jefferson-university,,559 West Germantown Pike,East Norriton,PA,19403,United States,Higher Education,4250,Contact,Lisa Israelovitch,2026-02-06 12:14,2024-12-05 2:11,14,,New,0,,,jefferson.edu; jeffersonhospital.org; ariahealth.org
9647173431,Thirty Madison,thirtymadison.com,thirtymadison.com,https://linkedin.com/company/thirty-madison,15512903248,37-01 Broadway,New York,New York,10001,United States,Hospital & Health Care,700,Lead,,2022-10-26 22:54,2022-09-22 14:37,1,,,0,,,
12309884790,Thin Air Labs,thinairlabs.ca,thinairlabs.ca,https://linkedin.com/company/thin-air-labs, +1 416 868 9696,,,,T2R 0E5,Canada,Venture Capital & Private Equity,30,Contact,Lisa Israelovitch,2023-02-23 13:19,2023-02-09 10:52,0,,,,,,
15566011243,thesamelocation.com,thesamelocation.com,thesamelocation.com,,,,,,,,,,Contact,Lisa Israelovitch,2023-04-25 10:44,2023-04-25 8:52,0,,,,,,
8775920312,Theator,theator.io,theator.io,https://linkedin.com/company/theator, +1 646-935-9217,405 Waverley Street,Palo Alto,California,94301,United States,Hospital & Health Care,60,,,2022-06-22 11:15,2022-05-24 15:43,2,,,0,,,
30418836362,The Valley Health System (Nevada),valleyhealthsystemlv.com,valleyhealthsystemlv.com,https://linkedin.com/company/the-valley-health-system,,2075 East Flamingo Road,Las Vegas,Nevada,89119,United States,Hospital & Health Care,450,Contact,Lisa Israelovitch,,2025-02-26 10:21,0,,New,,,,
43248741170,The University of Kansas Health System,kansashealthsystem.com,https://www.kansashealthsystem.com,https://linkedin.com/company/the-university-of-kansas-hospital, +1 913-588-1227,3901 Rainbow Boulevard,Kansas City,Kansas,66160,United States,Hospital & Health Care,3410,Contact,,,2025-10-30 21:47,2,,New,,,,
30414505051,The Surgery Center at TGH Brandon Healthplex,tghsurgerycenterbrandon.com,tghsurgerycenterbrandon.com,,,,,,,,,,Contact,Lisa Israelovitch,,2025-02-26 10:21,2,,New,0,,,
45871202152,The Surgery Center,thesurgerycenter-llc.com,thesurgerycenter-llc.com,https://linkedin.com/company/the-surgery-center-llc, +1 414-761-2600,3111 West Rawson Avenue,Franklin,Wisconsin,53132,United States,Hospital & Health Care,30,Contact,Josh Buehler,,2025-02-26 10:21,3,,New,0,,,tscwisc.com
17745844014,The Springs Arkansas,thespringsar.com,thespringsar.com,https://linkedin.com/company/the-springs-of-arkansas,,,Little Rock,Arkansas,72295,United States,Hospital & Health Care,660,Contact,Lisa Israelovitch,,2023-10-20 6:57,1,,New,0,,,
42701287015,The Queen's Health System,queens.org,queens.org,https://linkedin.com/company/the-queen,18086911000,,Honolulu,Hawaii,,United States,Hospital & Health Care,8000,Contact,Josh Buehler,,2025-10-27 11:46,3,,New,0,,,
39356936576,The Ohio State University,osu.edu,osu.edu,https://linkedin.com/company/the-ohio-state-university-wexner-medical-center,16142923980,281 West Lane Avenue,Columbus,Ohio,43210,United States,Higher Education,66000,Contact,Josh Buehler,,2025-09-11 13:33,2,,New,0,,,
30415781509,The Laughing Academy,thelaughingacademy.com,https://thelaughingacademy.com,,18477242787,3230 Glenview Rd,Glenview,Illinois,60025,United States,Primary/Secondary Education,4,Contact,Lisa Israelovitch,,2025-02-26 10:21,1,,,0,,,
19161367413,The Hospitals of Providence,thehospitalsofprovidence.com,thehospitalsofprovidence.com,https://www.linkedin.com/company/providence-memorial-hospital,9157474000,2001 North Oregon Street,El Paso,TX,79902,United States,Hospital & Health Care,1000,Contact,Michael Stamatinos (Deactivated User),2024-02-20 10:54,2024-02-20 10:54,1,,New,0,,,
49754590016,The Connecticut Hospice,hospice.com,hospice.com,,,,,,,,,,Contact,,,2026-01-26 18:09,0,,New,,,,
39365090679,The Christ Hospital Health Network,thechristhospital.com,thechristhospital.com,https://linkedin.com/company/the-christ-hospital,,2139 Auburn Avenue,Cincinnati,Ohio,45219,United States,Hospital & Health Care,4000,Contact,,,2025-09-11 13:33,1,,New,0,,,
30416827686,The Bone and Joint Institute of Tennessee Surgery Center,bjitsurgerycenter.com,https://bjitsurgerycenter.com,,16156145000,3000 Edward Curd Lane,Franklin,Tennessee,37067,United States,Hospital & Health Care,,Contact,Lisa Israelovitch,,2025-02-26 10:21,1,,New,0,,,
9856422302,The Academy,hmacademy.com,hmacademy.com,https://linkedin.com/company/the-health-management-academy, +1 703-548-1022,1100 Wilson Boulevard,Arlington,Virginia,22209,United States,Higher Education,160,Lead,,2023-03-27 19:30,2022-10-20 13:46,2,,,0,,,
8791794218,TG Consulting,tg.consulting,tg.consulting,https://linkedin.com/company/tgconsultingmontreal,5147170866,230 Rue Notre-Dame Ouest,Montreal,Quebec,H2Y 1T3,Canada,Management Consulting,10,,,,2022-05-26 11:50,2,,,0,,,
35583594841,Texas Health Resources,texashealth.org,texashealth.org,https://linkedin.com/company/texas-health-presbyterian-hospital-rockwall,16822366700,12400 Dallas Pkwy.,Frisco,TX,75033,United States,Hospital & Health Care,24000,Marketing Qualified Lead,Greg Zenko,2026-02-06 11:57,2025-06-30 13:30,7,,New,0,,,
8777620386,Texas Children's,texaschildrens.org,texaschildrens.org,https://www.linkedin.com/company/texas-children%27s-hospital,18328241000,6621 Fannin Street,Houston,Texas,77030,United States,Hospital & Health Care,13000,,Lisa Israelovitch,2025-09-27 11:36,2022-05-24 17:46,5,,,0,,,
49776418152,Tennessee Department of Mental Health and Substance Abuse,tn.gov,tn.gov,,,,,,,,,,Contact,,,2026-01-26 18:09,0,,New,,,,
30418533943,Temple University Health System,templehealth.org,https://www.templehealth.org,https://linkedin.com/company/temple-university-health-system,18008367536,3401 North Broad Street,Philadelphia,Pennsylvania,19140,United States,Hospital & Health Care,5000,Contact,Lisa Israelovitch,,2025-02-26 10:21,3,,New,0,,,tuhs.temple.edu
8717685760,TELUS,telus.com,telus.com,https://linkedin.com/company/telus, +1 604 697 8044,555 Robson Street,Vancouver,British Columbia,V6B 2B7,Canada,Telecommunications,90800,,Lisa Israelovitch,2023-07-19 10:30,2022-05-17 15:33,5,,,0,,,
23737965470,Telescope Partners,telescopepartners.com,telescopepartners.com,https://linkedin.com/company/telescope-partners,16505500885,1 Letterman Drive,San Francisco,California,94129,United States,Venture Capital & Private Equity,9,Contact,Lisa Israelovitch,2024-10-30 14:30,2024-10-09 21:01,1,,,0,,,
49778122128,Telecare Corporation,telecarecorp.com,telecarecorp.com,,,,,,,,,,Contact,,,2026-01-26 18:09,0,,New,,,,
16890863468,techvisionstaffing.com,techvisionstaffing.com,techvisionstaffing.com,,,,,,,,,,Contact,Lisa Israelovitch,,2023-08-09 12:23,0,,,,,,
10858935116,TechToronto,techtoronto.org,techtoronto.org,https://linkedin.com/company/techtorontoorg,16479228131,,Toronto,Region Metropolitana,M5H 2M5,Chile,Publishing,5,Contact,,2023-02-01 20:39,2023-01-18 22:54,1,,,0,,,
17248667171,Teamworthy Ventures,teamworthy.com,teamworthy.com,https://linkedin.com/company/teamworthy-ventures, +1 201-901-0813,60 Arch Street,Greenwich,Connecticut,6830,United States,Venture Capital & Private Equity,20,Contact,Lisa Israelovitch,2023-09-14 13:30,2023-09-07 10:04,4,,,0,,,
27389032633,Team Revenue,teamrevenue.com,teamrevenue.com,https://linkedin.com/company/teamrevenue,,401 Bay Street,Toronto,Ontario,M5H 2Y4,Canada,Professional Training & Coaching,10,Contact,Lisa Israelovitch,2024-12-18 8:27,2024-12-17 17:38,1,,,0,,,
9971728387,TealBook,tealbook.com,tealbook.com,https://linkedin.com/company/tealbook, +1 416-523-2656,38 Camden Street,Toronto,Ontario,M5V 1V1,Canada,Information Technology and Services,180,Lead,,2025-12-18 13:30,2022-11-03 19:16,1,,,0,,,
49780326003,Tarzana Treatment Center,tarzanatc.org,tarzanatc.org,,,,,,,,,,Contact,,,2026-01-26 18:09,0,,New,,,,
39371420818,Tampa General Hospital,tgh.org,tgh.org,https://linkedin.com/company/tampa-general-hospital,18138447249,1 Tampa General Circle,Tampa,Florida,33606,United States,Hospital & Health Care,10000,Contact,Josh Buehler,,2025-09-10 15:41,9,,New,0,,,
15584643681,Tamarind Hill,tamarind-hill.com,tamarind-hill.com,https://linkedin.com/company/tamarind-hill-fund, +1 419-345-7688,5500 Frantz Road,Dublin,Ohio,43017,United States,Venture Capital & Private Equity,10,Contact,Lisa Israelovitch,2026-01-29 12:45,2023-04-26 20:06,3,,,0,,,
51046291210,Tamarack Health,tamarackhealth.org,https://www.tamarackhealth.org,,17159344321,,,,,,,650,Contact,,,2026-02-10 12:57,1,,,1,2026-02-10 12:57,Learn more about AssistIQ and enter to win an Oura Ring: Demo Request,
16302336516,talenttank-recruiting.com,talenttank-recruiting.com,talenttank-recruiting.com,,,,,,,,,,Contact,Lisa Israelovitch,,2023-07-03 15:02,0,,,,,,
39352142669,Tahoe Forest Health System,tfhd.com,tfhd.com,https://linkedin.com/company/tahoe-forest-hospital-district,15305823598,10121 Pine Avenue,Truckee,California,96161,United States,Hospital & Health Care,707,Contact,Josh Buehler,,2025-09-11 13:33,3,,New,0,,,
16282010203,Taft Stettinius & Hollister,taftlaw.com,taftlaw.com,https://linkedin.com/company/taftlaw, +1 513-381-2838,425 Walnut Street,Cincinnati,Ohio,45202,United States,Law Practice,2000,Contact,Lisa Israelovitch,2026-01-30 21:15,2023-06-30 15:18,1,,,0,,,
8708635822,TA Associates,ta.com,ta.com,https://linkedin.com/company/ta-associates, +1 617-574-6700,200 Clarendon Street,Boston,Massachusetts,2212,United States,Financial Services,193,,,2022-07-26 10:30,2022-05-16 17:33,1,,,0,,,
17419591430,T-REX,downtowntrex.org,downtowntrex.org,https://linkedin.com/company/t-rex-technology-entrepreneur-center, +1 314-241-7500,911 Washington Avenue,St. Louis,Missouri,63101,United States,Business Supplies and Equipment,15,Contact,Lisa Israelovitch,2023-10-12 9:50,2023-09-22 10:09,1,,,0,,,
8796058511,Synetro,synetro.com,synetro.com,https://linkedin.com/company/synetro-group,13128032035,810 W Washington Blvd,Chicago,Illinois,60607,United States,Financial Services,5,,,2022-06-10 15:24,2022-05-26 22:00,1,,,0,,,
10911754909,symplr,symplr.com,symplr.com,https://linkedin.com/company/symplr, +1 281-863-9500,616 Cypress Creek Parkway,Houston,Texas,77090,United States,"Health, Wellness and Fitness",1548,Contact,,2023-01-23 19:22,2023-01-23 12:40,0,,,,,,
30420963459,SxanPro,sxanpro.com,https://www.sxanpro.com,https://linkedin.com/company/sxanpro,16165742605,3500 Kraft Avenue Southeast,Grand Rapids,Michigan,49512,United States,Hospital & Health Care,23,Contact,Lisa Israelovitch,,2025-02-26 10:21,1,,,0,,,
35606117649,Sutter Health,sutterhealth.org,sutterhealth.org,https://linkedin.com/company/sutter-health,18004788837,,Sacramento,CA,95833,United States,Hospital & Health Care,53000,Contact,Greg Zenko,2025-07-28 18:51,2025-02-26 10:21,18,,New,2,2025-10-29 15:08,Coffee at Beckers: Pitchers - 2025,
8728741953,Sustainable Development Technology Canada,sdtc.ca,sdtc.ca,https://linkedin.com/company/sustainable-development-technology-canada,6132346313,45 O'Connor Street,Ottawa,Ontario,K1P 5E1,Canada,Renewables & Environment,30,,Lisa Israelovitch,2024-06-27 13:00,2022-05-18 18:25,13,,,0,,,
49784338526,Surgical Specialty Center of Baton Rouge,sscbr.com,sscbr.com,,,,,,,,,,Contact,,,2026-01-26 18:09,0,,New,,,,
46914976673,Surgical Safety Technologies,surgicalsafety.com,surgicalsafety.com,https://linkedin.com/company/surgicalsafetytechnologies,,20 Queen Street West,Toronto,Ontario,M5H 3S8,Canada,Hospital & Health Care,45,Contact,,,2025-12-09 14:23,2,,,1,2026-02-09 10:56,Learn more about AssistIQ and enter to win an Oura Ring: Demo Request,
43231592234,Surgical Directions,surgicaldirections.com,surgicaldirections.com,https://linkedin.com/company/surgicaldirections,13128705600,541 North Fairbanks Court,Chicago,Illinois,60611,United States,Hospital & Health Care,125,Contact,,,2025-10-29 15:07,1,,,1,2025-10-29 15:07,Coffee at Beckers: Pitchers - 2025,
17745890842,Surgical Care Affiliates,scasurgery.com,scasurgery.com,https://linkedin.com/company/surgical-care-affiliates,15617367792,510 Lake Cook Rd,Deerfield,Illinois,60015,United States,Hospital & Health Care,10000,Contact,Lisa Israelovitch,2023-10-24 11:27,2023-10-20 6:57,2,,New,0,,,
42786966861,Surgery Center of Southern Oregon,sosurgi.com,sosurgi.com,,,2798 East Barnett Road,Medford,Oregon,97504,United States,,30,Contact,Josh Buehler,,2025-10-27 11:46,1,,,0,,,
30454709098,Super Green,super.green,super.green,,,1102 Somerset Place,Timonium,Maryland,21093,United States,Professional Training & Coaching,,Opportunity,Vadim Smolenskiy,2026-02-09 10:22,2025-02-26 14:37,5,,,20,2026-02-06 6:16,Owensboro Case Study: OB Case Study Download,
9645309012,SUNY Downstate Medical Center,downstate.edu,downstate.edu,https://linkedin.com/school/suny-downstate-health-sciences-university, +1 718-270-1000,74 Wythe Avenue,Brooklyn,New York,11249,United States,Hospital & Health Care,3490,Opportunity,,2023-02-21 16:00,2022-09-22 9:57,4,,,0,,,
39364936302,Suburban Orthopaedics,suburbanortho.com,suburbanortho.com,https://linkedin.com/company/suburban-orthopaedics,16303721100,1110 West Schick Road,Bartlett,Illinois,60103,United States,Hospital & Health Care,62,Contact,,,2025-09-11 13:33,1,,New,0,,,
15032248449,Stryker,stryker.com,stryker.com,https://linkedin.com/company/stryker,12693852600,2825 Airview Boulevard,Portage,Michigan,49002,United States,Hospital & Health Care,53000,Contact,Josh Buehler,2023-05-08 8:00,2023-03-09 16:08,4,,,0,,,
10073110273,Strut Consulting,strutconsulting.com,strutconsulting.com,https://linkedin.com/company/strutconsulting,,,Myrtle Point,Oregon,97458,United States,Venture Capital & Private Equity,10,Lead,,2022-11-14 15:24,2022-11-14 15:24,1,,,0,,,
17293067399,StreetEdge Capital,streetedgecapital.com,streetedgecapital.com,https://www.linkedin.com/company/streetedge-investments,14155121055,455 MARKET ST,San Francisco,CA,94105,United States,Financial Services,5,Contact,Lisa Israelovitch,2023-09-28 14:21,2023-09-11 18:24,1,,,0,,,
15376429718,StoryTap,storytap.com,storytap.com,https://linkedin.com/company/storytapvideo, +1 855-217-0682,555 West Hastings Street,Vancouver,British Columbia,V6B 4N6,Canada,Online Media,30,Contact,,,2023-04-03 22:44,1,,,0,,,
15349426191,Stony Brook Medicine,stonybrookmedicine.edu,stonybrookmedicine.edu,https://linkedin.com/company/stony-brook-medicine,16316898333,100 Nichols Rd.,Nesconset,NY,11787,United States,Hospital & Health Care,4750,Contact,Lisa Israelovitch,2025-09-27 12:14,2023-03-31 7:49,5,,New,0,,,
10254079301,Steward Health Care International,stewardinternational.org,stewardinternational.org,https://linkedin.com/company/steward-international,,Böndlerstrasse,Kilchberg,Kanton Zuerich,8802,Switzerland,Hospital & Health Care,45,Contact,,2024-04-09 13:30,2022-12-05 23:37,2,,New,0,,,
8108288913,Steward Health Care,steward.org,steward.org,https://linkedin.com/company/steward-health-care, +1 617-419-4700,111 Huntington Avenue,Boston,Massachusetts,2199,United States,"Health, Wellness and Fitness",40000,Contact,,2023-10-18 23:03,2022-03-05 21:51,7,,New,0,,,
9930995074,Steward colombia,stewardcolombia.org,stewardcolombia.org,https://linkedin.com/company/steward-colombia,16017428929,570 Calle 20,Dosquebradas,Departamento de Risaralda,661002,Colombia,Hospital & Health Care,86,Lead,,2022-12-05 23:41,2022-10-29 10:38,1,,,0,,,steward.org
18769536628,Steris,steris.com,steris.com,https://linkedin.com/company/steris-corporation, +353 1 232 2000,70 Sir John Rogerson's Quay,Dublin 2,Leinster,D02,Ireland,Medical Devices,16000,Lead,Lisa Israelovitch,2025-10-31 12:30,2024-01-18 19:28,3,,,0,,,
8719281835,Startup en résidence,startup-residence.ca,startup-residence.ca,,,,,,,Canada,Civic & Social Organization,,,,2022-06-21 13:30,2022-05-17 17:42,2,,,0,,,
49782340010,Star Valley Health (FKA Star Valley Medical Center),starvalleyhealth.org,starvalleyhealth.org,,,,,,,,,,Contact,,,2026-01-26 18:09,0,,New,,,,
35611093078,Stanford University,stanford.edu,stanford.edu,https://www.linkedin.com/school/stanford-university, +1 650-723-2300,450 Serra Mall,Stanford,CA,94305,United States,Higher Education,10000,Contact,Lisa Israelovitch,2023-07-06 14:53,2022-05-24 17:09,6,,New,0,,,stanfordalumni.org; med.stanford.edu
15450237314,Stanford Health Care,stanfordhealthcare.org,stanfordhealthcare.org,https://linkedin.com/company/stanford-health-care,16504983333,300 Pasteur Drive,Palo Alto,California,94304,United States,Hospital & Health Care,15207,Contact,Josh Buehler,,2023-04-12 18:10,17,,New,0,,,standfordhealth.org; med.stanford.edu
46911724672,Stanford Children's Health - Lucile Packard Children's Hospital Stanford,stanfordchildrens.org,stanfordchildrens.org,https://linkedin.com/company/lucile-packard-children,16504984847,725 Welch Road,Palo Alto,California,94304,United States,Hospital & Health Care,4190,Contact,,,2025-12-09 14:23,1,,,0,,,
9178893631,Stand Up Ventures,standupvc.com,standupvc.com,https://linkedin.com/company/standup-ventures, +1 647-255-1080,101 College Street,Toronto,Ontario,M5G 1L7,Canada,Financial Services,10,Lead,Lisa Israelovitch,2026-01-08 13:00,2022-07-20 16:05,4,,,0,,,
49752769929,Stamford Hospital (AKA Stamford Health),stamfordhealth.org,stamfordhealth.org,,,,,,,,,,Contact,,,2026-01-26 18:09,0,,New,,,,
30408811290,St. Lawrence Health/Canton Potsdam Hospital,,,,,,,,,,,,Contact,Lisa Israelovitch,,2025-02-26 10:21,1,,New,0,,,
39356326317,St. Jude Children's Research Hospital,stjude.org,stjude.org,https://linkedin.com/company/st-jude-childrens-research-hospital-alsac,,501 Saint Jude Place,Memphis,Tennessee,38105,United States,Hospital & Health Care,3500,Contact,Josh Buehler,2025-10-16 11:52,2025-09-11 13:33,2,,New,0,,,
39365090682,St. John's Health,stjohns.health,stjohns.health,https://linkedin.com/company/stjohnshealth,,625 East Broadway Avenue,Jackson,Wyoming,83001,United States,Hospital & Health Care,360,Contact,,,2025-09-11 13:33,1,,New,0,,,
16768869288,St-Amour,st-amour.com,st-amour.com,https://linkedin.com/company/stamour,4166266151,666 Rue Sherbrooke Ouest,Montreal,Quebec,H3A 1E7,Canada,Human Resources,30,Contact,Lisa Israelovitch,2023-07-31 14:31,2023-07-30 13:01,2,,,0,,,
49754899493,St Peters Health Regional Medical Center (FKA St Peters Hospital),sphealth.org,sphealth.org,,,,,,,,,,Contact,,,2026-01-26 18:09,0,,New,,,,
49760621208,St Lukes Health System (Boise ID),stlukesonline.org,stlukesonline.org,,,,,,,,,,Contact,,,2026-01-26 18:09,0,,New,,,,
30034339642,St Lukes,slhn.org,slhn.org,https://linkedin.com/company/st.-luke,,801 Ostrum Street,Bethlehem,Pennsylvania,18015,United States,Hospital & Health Care,210,Contact,Lisa Israelovitch,2025-10-15 18:56,2025-02-16 12:00,2,,Connected,0,,,slhs.org
49756479400,St James Behavioral Health Hospital,sjbhh.net,sjbhh.net,,,,,,,,,,Contact,,,2026-01-26 18:09,0,,New,,,,
46779279427,St Barnabas Hospital,sbhny.org,sbhny.org,https://linkedin.com/company/sbhbronx, +1 724-443-0700,4422 3rd Ave,The Bronx,New York,10457,United States,Hospital & Health Care,3,Contact,,,2025-12-08 20:04,1,,New,0,,,
17155428008,SSM Partners,ssmpartners.com,ssmpartners.com,https://linkedin.com/company/ssm-partners,19017671131,6070 Poplar Avenue,Memphis,Tennessee,38119,United States,Investment Management,24,Contact,Lisa Israelovitch,2025-01-14 17:00,2023-08-29 23:54,1,,,0,,,
34990657678,SSM Health,ssmhealth.com,ssmhealth.com,https://linkedin.com/company/ssm-health-care,18002221222,,Creve Coeur,Missouri,,United States,Hospital & Health Care,39000,Contact,Greg Zenko,2025-08-20 11:37,2025-06-12 16:57,7,,New,0,,,ssmhc.com
15683284764,SpringTide,springtide.com,springtide.com,https://linkedin.com/company/springtide-capital-management,,160 Bovet Rd,San Mateo,California,94402,United States,Venture Capital & Private Equity,30,Contact,Lisa Israelovitch,2023-05-26 9:29,2023-05-08 8:55,2,,,0,,,
49755053416,Springbrook Behavioral Health,springbrookbehavioral.com,springbrookbehavioral.com,,,,,,,,,,Contact,,,2026-01-26 18:09,0,,New,,,,
15921796380,Spring Mountain Capital,smcinvest.com,smcinvest.com,https://www.linkedin.com/company/smc-lp,2122927046,650 Madison Avenue,New York,New Jersey,10022,United States,Investment Management,50,Contact,Lisa Israelovitch,2023-06-16 15:30,2023-05-31 22:02,1,,,0,,,
30418382369,Spine and Joint Centers of America,spinecareforyou.com,https://spinecareforyou.com,,18888179355,6918 Gunn Hwy,Tampa,Florida,33625,United States,Hospital & Health Care,25,Contact,Lisa Israelovitch,,2025-02-26 10:21,1,,New,0,,,
23202333300,Spectrum Equity,spectrumequity.com,spectrumequity.com,https://linkedin.com/company/spectrum-equity,16174644600,1 International Pl,Boston,Massachusetts,2110,United States,Venture Capital & Private Equity,125,Contact,Josh Buehler,,2024-09-23 8:26,1,,,0,,,
46907796895,Spartanburg Regional Healthcare System,srhs.com,srhs.com,,18645917999,5001 North MacArthur Boulevard,Irving,Texas,75038,United States,Hospital & Health Care,6000,Contact,,,2025-12-09 14:23,1,,,0,,,
8892308572,Spanier Group,spaniergroup.com,spaniergroup.com,https://linkedin.com/company/spaniergroup, +1 416-543-2221,,Toronto,Ontario,M6C 1M8,Canada,,5,,,2022-06-11 9:12,2022-06-10 11:35,1,,,0,,,
12007349031,Sozendigitalmedia,sozendigitalmedia.com,sozendigitalmedia.com,,,,,,,,,,Contact,,,2023-02-06 11:02,1,,,0,,,
49744686776,South Central Health (FKA Wishek Community Hospital),schealthnd.com,schealthnd.com,,,,,,,,,,Contact,,,2026-01-26 18:09,0,,New,,,,
10407460101,sojecci.com,sojecci.com,sojecci.com,,,,,,,"Virgin Islands, British",,,Contact,,2023-04-18 11:30,2022-12-20 16:10,1,,,0,,,
10532095024,Society of American Gastrointestinal and Endoscopic Surgeons (SAGES),sages.org,sages.org,https://www.linkedin.com/company/4831711, +1 310-437-0544,11300 West Olympic Boulevard,Los Angeles,California,90064,United States,Hospital & Health Care,100,Contact,Lisa Israelovitch,2023-09-26 9:23,2023-01-03 23:55,5,,New,0,,,
49827623272,Snoqualmie Valley Hospital,snoqualmievalleyhealth.org,snoqualmievalleyhealth.org,,,,,,,,,,Contact,,,2026-01-26 18:09,0,,New,,,,
23952628266,Smash Capital,smashcap.com,smashcap.com,https://linkedin.com/company/smashcapital,,,Los Angeles,California,90001,United States,Venture Capital & Private Equity,30,Opportunity,Josh Buehler,2025-10-20 12:15,2024-10-18 9:34,1,1,,0,,,
45778893173,Smartsheet,app.smartsheet.com,app.smartsheet.com,https://linkedin.com/company/smartsheet-com, +1 855-420-2395,10500 NE 8th St,Bellevue,Washington,98004,United States,Computer Software,2539,Contact,,,2023-02-24 13:37,0,,,,,,system.smartsheet.com
13224547122,Slab,slab.com,slab.com,https://linkedin.com/company/slab-inc,13108557184,440 North Barranca Avenue,Covina,California,91723,United States,Information Services,21,Contact,,2023-06-07 10:18,2023-02-14 0:54,1,,,0,,,
30418533946,SIPS Healthcare Solutions,sipshealthcare.com,https://sipshealthcare.com,,19725721988,,,,,,,20000,Contact,Lisa Israelovitch,,2025-02-26 10:21,1,,,0,,,
39363854339,Singing River Health System,singingriverhealthsystem.com,mysrhs.com,https://linkedin.com/company/singingriverhealthsystem,12288095000,2809 Denny Ave,Pascagoula,Mississippi,39581,United States,Hospital & Health Care,1750,Contact,Lisa Israelovitch,2025-09-27 12:17,2025-09-11 13:33,2,,New,0,,,mysrhs.com
45872212227,Sinai Health,sinaihealth.ca,sinaihealth.ca,https://linkedin.com/company/sinai-health-system-to,14165864800,600 University Avenue,Toronto,Ontario,M2P 2A9,Canada,Hospital & Health Care,3100,Lead,Lisa Israelovitch,2022-12-20 11:07,2022-12-15 13:17,2,,New,0,,,gjelimited.com
16250906397,Silversmith Capital Partners,silversmith.com,silversmith.com,https://linkedin.com/company/silversmith-capital-partners,16176704300,11131 Vanowen Street,North Hollywood,California,91605,United States,Investment Management,71,Opportunity,Lisa Israelovitch,2026-02-02 12:25,2023-06-27 20:17,3,1,,0,,,
15374156333,SilverCircle,silvercircle.vc,silvercircle.vc,https://linkedin.com/company/silvercircle,,,,,,,Capital Markets,5,Contact,,2023-05-02 18:15,2023-04-03 22:36,1,,,0,,,
18596830369,Sierra Ventures,sierraventures.com,sierraventures.com,https://linkedin.com/company/sierra-ventures,16508541000,1400 Fashion Island Boulevard,San Mateo,California,94401,United States,Capital Markets,53,Contact,Lisa Israelovitch,2024-09-17 13:37,2024-01-02 20:22,2,,,0,,,
9834740258,Sidekick Partners,sidekickpartners.com,sidekickpartners.com,https://linkedin.com/company/sidekick-partners,16465355425,1919 McKinney Avenue,Dallas,Texas,75201,United States,Venture Capital & Private Equity,5,Lead,,2022-11-02 11:20,2022-10-18 10:30,1,,,0,,,
39396612113,Shriners Children's,shrinerschildrens.org,shrinenet.org,https://linkedin.com/company/shriners-childrens,,2425 Stockton Boulevard,Sacramento,California,95817,United States,Hospital & Health Care,2750,Contact,,,2025-09-11 13:33,1,,New,0,,,shrinenet.org
39352451164,Shields Health,shields.com,shields.com,https://linkedin.com/company/shields-health,18002584674,700 Congress St,Quincy,Massachusetts,2169,United States,Hospital & Health Care,615,Contact,Josh Buehler,,2025-09-11 13:33,3,,New,0,,,
50519620955,Sheridan Memorial Hospital,sheridanhospital.org,https://www.sheridanhospital.org,https://linkedin.com/company/sheridan-memorial-hospital,13076732418,1501 W 5th St.,Sheridan,WY,82801,United States,Hospital & Health Care,420,Contact,Stephen Boswell,2026-02-06 12:22,2026-02-03 12:36,2,,,1,2026-02-03 12:36,Learn more about AssistIQ: Demo Request,
36910791831,Sharp HealthCare,sharp.com,sharp.com,https://linkedin.com/company/sharp-healthcare,18008274277,8695 Spectrum Center Boulevard,San Diego,California,92123,United States,Hospital & Health Care,19000,Contact,Greg Zenko,2025-07-28 20:07,2025-07-28 20:05,2,,New,0,,,
14966486850,Shared Services West,ssw.ca,ssw.ca,https://linkedin.com/company/shared-services-west,9052872870,20 Lynch St,Brampton,Ontario,L7L 0A1,Canada,"Health, Wellness and Fitness",180,Contact,,2023-04-12 16:34,2023-03-06 8:54,4,,,0,,,
30415581522,Shannon Medical Center,shannonhealth.com,shannonhealth.com,https://linkedin.com/company/shannon-medical-center,,120 East Harris Avenue,San Angelo,Texas,76903,United States,Hospital & Health Care,2000,Contact,Lisa Israelovitch,,2025-02-26 10:21,1,,New,0,,,
35591147385,Sentara Healthcare,sentara.com,sentara.com,https://linkedin.com/company/sentara-healthcare,,,Norfolk,Virginia,23551,United States,Hospital & Health Care,8596,Contact,Greg Zenko,2025-07-28 19:05,2025-06-30 13:43,4,,New,0,,,
9706827655,Semantic Health,semantichealth.ai,semantichealth.ai,https://linkedin.com/company/semantic-health,,,Toronto,Ontario,,Canada,Hospital & Health Care,10,Lead,,2023-02-24 17:46,2022-09-30 20:15,1,,,0,,,
49739584062,Select Medical Corporation,selectmedical.com,https://www.selectmedical.com,https://linkedin.com/company/select-medical,17179721100,2034 PO Box,Mechanicsburg,Pennsylvania,17055,United States,Hospital & Health Care,47596,Contact,,,2026-01-26 18:09,0,,New,,,,
8897286681,Seed2Exit,seed2exit.com,seed2exit.com,https://linkedin.com/company/seed2exit,,3050 Los Prados Street,San Mateo,California,94403,United States,Management Consulting,5,,,,2022-06-11 17:28,1,,,0,,,
42715648066,Seattle Children's,seattlechildrens.org,seattlechildrens.org,https://linkedin.com/company/seattle-childrens,12069872000,4800 Sand Point Way NE,Seattle,Washington,98105,United States,Hospital & Health Care,10261,Contact,Josh Buehler,,2025-10-27 11:46,1,,New,0,,,
10394467634,SCWorx,scworx.com,scworx.com,https://linkedin.com/company/sc-worx, +1 212-739-7825,590 Madison Avenue,New York,New York,10022,United States,Hospital & Health Care,3,Contact,,2023-03-09 17:11,2022-12-19 19:45,3,,,0,,,
31472916349,Scope Anesthesia of North Carolina,scopeanesthesia.com,scopeanesthesia.com,https://linkedin.com/company/scope-anesthesia-of-north-carolina-pllc,17047493116,310 Arlington Avenue,Charlotte,North Carolina,28203,United States,Hospital & Health Care,45,Contact,Lisa Israelovitch,2025-04-15 12:30,2025-03-27 23:11,1,,New,0,,,
39400919826,Schneider Regional Medical Center,srmedicalcenter.org,srmedicalcenter.org,https://linkedin.com/company/schneider-regional-medical-center,,9048 Sugar Est,St Thomas,Virgin Islands,802,United States,Hospital & Health Care,300,Contact,,,2025-09-11 13:33,1,,,0,,,
15021348172,Scale AI,scaleai.ca,scaleai.ca,https://linkedin.com/company/scaleaicanada,,,Montréal,Quebec,,Canada,Information Technology and Services,30,Contact,Lisa Israelovitch,2026-02-10 13:37,2023-03-09 8:31,6,,,0,,,
10113133850,Scalar,scalar.io,scalar.io,https://linkedin.com/company/scalar,18013619384,874 Pioneer Road,Draper,Utah,84020,United States,Accounting,76,Lead,,2025-09-02 17:16,2022-11-17 13:12,5,,,0,,,
16329634189,sawsells.com,sawsells.com,sawsells.com,https://www.linkedin.com/company/saw-com,17204960020,1655 East Semoran Boulevard,Apopka,FL,32703,United States,Computer Software,10,Contact,Lisa Israelovitch,,2023-07-06 15:24,1,,,0,,,
42875978305,Saratoga Hospital,saratogahospital.org,saratogahospital.org,https://linkedin.com/company/saratoga-hospital, +1 518-583-8435,211 Church Street,Saratoga Springs,New York,12866,United States,Hospital & Health Care,2000,Contact,Josh Buehler,,2025-10-27 11:46,3,,,0,,,
49778122125,Sarasota Memorial Health Care System,smh.com,smh.com,,,,,,,,,,Contact,,,2026-01-26 18:09,0,,New,,,,
30408811291,Sarah Bush Lincoln Health System,sarahbush.org,sarahbush.org,https://linkedin.com/company/sarah-bush-lincoln-health-center,,1000 Health Center Drive,Mattoon,Illinois,61938,United States,Hospital & Health Care,1500,Contact,Lisa Israelovitch,,2025-02-26 10:21,2,,New,0,,,sblhs.org
8895724698,Sara Gallagher Bloom,saragallagherbloom.com,saragallagherbloom.com,,,,,,,,,,,,2022-06-11 9:12,2022-06-11 0:12,0,,,,,,
18902081833,Sapphire Ventures,sapphireventures.com,sapphireventures.com,https://linkedin.com/company/sapphirevc, +1 650-461-1598,3408 Hillview Avenue,Palo Alto,California,94304,United States,Capital Markets,190,Contact,Lisa Israelovitch,,2024-01-30 16:12,1,,,0,,,
40843684790,Santiam Hospital,santiamhospital.org,santiamhospital.org,https://linkedin.com/company/santiam-hospital,,1401 North 10th Avenue,Stayton,Oregon,97383,United States,Hospital & Health Care,240,Contact,Josh Buehler,2026-02-04 16:30,2025-10-03 15:11,1,,Connected,0,,,
39368961314,Santa Clara County Emergency Medical Services,hhs.sccgov.org,hhs.sccgov.org,https://linkedin.com/company/county-of-santa-clara,,700 Empey Way,San Jose,California,95128,United States,Government Administration,10000,Contact,,,2025-09-11 13:33,1,,,0,,,
22661922435,Sanford Health,sanfordhealth.org,sanfordhealth.org,https://linkedin.com/company/sanford-health,18007525863,,Sioux Falls,South Dakota,,United States,Hospital & Health Care,47000,Contact,Lisa Israelovitch,2025-10-15 18:59,2024-08-28 17:28,6,,Connected,0,,,
15931455113,Sandalphon Capital,sandalphoncapital.com,sandalphoncapital.com,https://linkedin.com/company/sandalphon-capital,18883397077,330 N Wabash Ave,Chicago,Illinois,60611,United States,Financial Services,6,Contact,Lisa Israelovitch,2024-12-19 18:50,2023-06-01 14:04,1,,,0,,,
49761396394,San Mateo Medical Center (AKA San Mateo County Health System),smchealth.org,smchealth.org,,,,,,,,,,Contact,,,2026-01-26 18:09,0,,New,,,,
45871139934,Sampler,sampler.io,sampler.io,https://linkedin.com/company/sampler, +1 315-359-4348,425 Adelaide Street West,Toronto,Ontario,M5V 3C1,Canada,Marketing and Advertising,45,Lead,Lisa Israelovitch,2025-11-20 8:38,2022-11-03 19:16,2,,,0,,,thesamplerapp.com
50744800035,Samaritan Health Services,samhealth.org,samhealth.org,,,3600 NW Samaritan Dr.,Corvallis,OR,97330,,,,Marketing Qualified Lead,Stephen Boswell,2026-02-06 12:00,2026-02-05 16:15,1,,,0,,,
49780478019,Salinas Valley Health,salinasvalleyhealth.com,salinasvalleyhealth.com,https://linkedin.com/company/salinas-valley-memorial-healthcare-system,18317574333,450 East Romie Lane,Salinas,California,93901,United States,Hospital & Health Care,2036,Lead,Stephen Boswell,2026-02-10 11:41,2026-01-26 16:10,2,,In Progress,0,,,
15303989772,SalesQualia,salesqualia.com,salesqualia.com,https://linkedin.com/company/salesqualia,14155960804,,San Francisco,California,94103,United States,Computer Software,3,Contact,,2023-03-31 23:49,2023-03-27 7:53,3,,,0,,,
35606117697,Salem Hospital,salemhealth.org,https://salemhealth.org,https://linkedin.com/company/salem-health,15035615765,890 Oak Street Southeast,Salem,OR,97301,United States,Hospital & Health Care,6409,Contact,Lisa Israelovitch,,2025-02-16 12:00,2,,New,1,2026-02-09 19:08,Learn more about AssistIQ and enter to win an Oura Ring: Demo Request,
50632436383,Saint Anthony Hospital,sahchicago.org,sahchicago.org,,,2875 W 19th St.,Chicago,IL,60623,,,,Contact,Stephen Boswell,2026-02-06 12:19,2026-02-05 16:15,1,,,0,,,
8777768250,RWJBarnabas Health Inc,rwjbh.org,rwjbh.org,https://linkedin.com/company/rwjbarnabashealth,18887247123,94 Old Short Hills Rd.,Livingston,NJ,7039,United States,Hospital & Health Care,40511,Opportunity,Lisa Israelovitch,2026-02-09 14:09,2022-05-24 16:50,31,1,Open Deal,1,2026-02-03 12:35,Learn more about AssistIQ: Demo Request,barnabashealth.org
8903410801,Rutgers University,rjms.rutgers.edu,rjms.rutgers.edu,https://linkedin.com/school/rutgersu, +1 210-821-4105,57 U.S. 1,Newark,New Jersey,8901,United States,Hospital & Health Care,1404,,Howard Fried (Deactivated User),,2022-06-13 8:24,1,,,0,,,
50623291146,Russell Medical Center,russellmedcenter.com,russellmedcenter.com,,,3316 Hwy. 280,Alexander City,AL,35010,,,,Contact,MacKenzie Masten,,2026-02-05 16:15,1,,,0,,,
15507158355,Rush University Medical Center,rush.edu,https://www.rush.edu,https://www.linkedin.com/company/rush-university-medical-center,13129426979,1653 West Congress Parkway,Chicago,IL,60612,United States,Hospital & Health Care,10000,Contact,Michael Stamatinos (Deactivated User),2024-04-09 10:00,2023-04-19 12:35,5,,New,0,,,
16965722438,Rubrum Advising,rubrumadvising.com,rubrumadvising.com,https://linkedin.com/company/rubrum-advising,,,,,,,Professional Training & Coaching,,Contact,Lisa Israelovitch,2023-09-12 22:02,2023-08-15 15:29,2,,,0,,,
39110018596,Royal Marsden,rmh.nhs.uk,rmh.nhs.uk,,,,,,,,,,Contact,,,2025-09-03 6:56,1,,,1,2025-09-03 6:56,Owensboro Health Case Study: OB Case Study Download,
9038434891,Royal Bank of Canada,rbc.com,rbc.com,https://linkedin.com/company/rbc,18007692511,3010 N Center St #2100,Montreal,Quebec,55402,Canada,Banking,87000,,Lisa Israelovitch,2026-01-21 14:30,2022-07-02 8:07,6,,,0,,,
36030882656,Roosevelt General Hospital,myrgh.org,https://www.myrgh.org,https://linkedin.com/company/roosevelt-general-hospital,15753591800,42121 U.S. 70,Portales,New Mexico,88130,United States,Hospital & Health Care,280,Contact,Josh Buehler,2025-07-25 16:00,2025-07-11 11:30,1,,New,1,2025-07-11 11:30,AssistIQ Interest Form: General Interest Form,
42878762537,Ronin Surgical,roninsurgical.com,roninsurgical.com,https://linkedin.com/company/ronin-surgical-corp,14152269414,10573 West Pico Boulevard,Los Angeles,California,90064,United States,Medical Devices,30,Contact,Josh Buehler,,2025-10-27 11:46,1,,,0,,,
42788203184,Rock West Medical,rockwestmedical.com,rockwestmedical.com,,13477818157,2717 North 118th Street,Omaha,Nebraska,68164,United States,"Health, Wellness and Fitness",,Contact,Josh Buehler,,2025-10-27 11:46,1,,,0,,,
43228031108,Rochester Regional Health,rochesterregional.org,rochesterregional.org,https://linkedin.com/company/rochesterregionalhealth,15859221900,100 Kings Highway South,Rochester,New York,14621,United States,Hospital & Health Care,19400,Contact,Josh Buehler,2025-11-04 11:35,2025-10-29 15:11,2,,New,1,2025-10-29 15:11,Coffee at Beckers: Pitchers - 2025,
8577063710,Roche,roche.com,roche.com,https://linkedin.com/company/roche,41616881111,124 Grenzacherstrasse,Basel,Kanton Basel-Stadt,4058,Switzerland,Pharmaceuticals,100920,,,2022-12-21 14:58,2022-05-01 23:38,1,,,0,,,
39354462789,Riverview Health,riverview.org,riverview.org,https://linkedin.com/company/riverview-hospital,13177730760,395 Westfield Road,Noblesville,Indiana,46060,United States,Hospital & Health Care,1528,Contact,,,2025-09-11 13:33,2,,New,0,,,
10855701924,Rippling,rippling.com,rippling.com,https://linkedin.com/company/rippling, +1 415-213-4838,2570 Folsom St,San Francisco,California,94110,United States,Computer Software,1750,Contact,,,2023-01-18 18:02,1,,,0,,,
13912468499,Rink Ventures,rinkventures.com,rinkventures.com,https://linkedin.com/company/rinkventures, +1 613-878-8453,,Ottawa,Ontario,,Canada,,5,Contact,,,2023-02-16 15:31,1,,,0,,,
49744841124,Ridgeview Medical Center Health System,ridgeviewmedical.org,ridgeviewmedical.org,,,,,,,,,,Contact,,,2026-01-26 18:09,0,,New,,,,
10080229401,Rhum,rhum.hr,rhum.hr,https://linkedin.com/company/rhumhr,,,Montreal,Quebec,,Croatia,Human Resources,30,Lead,,2023-02-28 8:31,2022-11-15 9:35,3,,,0,,,
11070077563,Rhino Ventures,rhinovc.com,rhinovc.com,https://linkedin.com/company/rhinovc,,,Vancouver,British Columbia,,Canada,Venture Capital & Private Equity,30,Contact,,2023-05-05 13:29,2023-01-26 18:39,1,,,0,,,
13207658025,Revmedica,revmedica.com,revmedica.com,https://linkedin.com/company/revmedica-inc,,,New Haven,Connecticut,6510,United States,Medical Devices,5,Contact,,2023-03-31 8:59,2023-02-13 22:22,1,,,0,,,
17605014385,Resolve Growth Partners,resolvegrowth.com,resolvegrowth.com,https://linkedin.com/company/resolvegrowth, +1 443-948-5830,1010 Fleet Street,Baltimore,Maryland,21202,United States,Investment Management,30,Contact,Lisa Israelovitch,2024-08-13 0:27,2023-10-07 22:12,1,,,0,,,
10367802778,Réseau MAclinique,reseaumaclinique.com,reseaumaclinique.com,https://linkedin.com/company/reseau-maclinique, +1 581-814-2701,725 Boulevard Lebourgneuf,Quebec,Quebec,G2J 1S1,Canada,,60,Lead,,2023-04-12 8:22,2022-12-15 22:47,2,,,0,,,
49780635758,Regions Hospital Community Paramedicine Program,regionsems.com,regionsems.com,,,,,,,,,,Contact,,,2026-01-26 18:09,0,,New,,,,
17896839585,Reformation Partners,reformation.vc,reformation.vc,https://linkedin.com/company/reformation-partners,,,New York,New York,10001,United States,Venture Capital & Private Equity,5,Contact,Lisa Israelovitch,2023-11-07 9:30,2023-10-31 13:24,1,,,0,,,
19714767383,Refinery Ventures,refinery.com,refinery.com,https://linkedin.com/company/refinery-ventures,18703367300,1311 Vine Street,Cincinnati,Ohio,45202,United States,Venture Capital & Private Equity,125,Opportunity,Samira Khajehi (Deactivated User),2024-12-07 8:00,2024-03-27 9:27,1,1,,0,,,
39356169005,Reeves Regional Health,reevesregional.com,reevesregional.com,,14324473551,,Pecos,Texas,79772,United States,Hospital & Health Care,30,Contact,,,2025-09-11 13:33,1,,New,0,,,
39402468437,Red Rock Surgery Center,redrocksurgerycenter.com,redrocksurgerycenter.com,https://linkedin.com/company/red-rock-surgery-center,17022275848,7135 W Sahara Ave,Las Vegas,Nevada,89117,United States,Hospital & Health Care,3,Contact,,,2025-09-11 13:33,1,,,0,,,
29829648389,ReadySet Surgical,readysetsurgical.com,readysetsurgical.com,https://linkedin.com/company/readyset-surgical, +1 888-344-7323,1776 Mentor Avenue,Cincinnati,Ohio,45212,United States,Hospital & Health Care,46,Contact,Lisa Israelovitch,2025-10-17 11:00,2025-02-10 23:48,2,,,0,,,
9824128632,RBC Capital Markets,rbccm.com,rbccm.com,https://linkedin.com/company/rbc-capital-markets,12124286200,200 Bay Street,Toronto,Ontario,M5J 2J2,Canada,Investment Banking,7800,Lead,,2022-11-29 20:50,2022-10-17 8:09,2,,,0,,,
8895830094,Raymond James,raymondjames.ca,raymondjames.ca,https://linkedin.com/company/raymondjames-canada, +1 416 777 7000,1000 1175 Douglas St,Toronto,Ontario,M5H 3Y2,Canada,Financial Services,15000,,,2022-06-11 9:12,2022-06-11 0:12,0,,,,,,
9701201456,Raymond Chabot Grant Thornton,rcgt.com,rcgt.com,https://linkedin.com/company/raymond-chabot-grant-thornton,5148782691,600 Rue De La Gauchetière Ouest,Montreal,Quebec,H3B 4L8,Canada,Accounting,3000,Lead,,2022-12-01 8:59,2022-09-30 7:51,2,,,0,,,
46907952030,Ramsay Health,ramchealth.org,ramchealth.org,,16087686135,2000 North Dewey Avenue,Reedsburg,Wisconsin,53959,United States,Hospital & Health Care,3,Contact,,,2025-12-09 14:23,1,,,0,,,
49762171950,Rady Childrens Health (FKA CHOC Childrens),choc.org,choc.org,,,,,,,,,,Contact,,,2026-01-26 18:09,0,,New,,,,
20790834493,Radian Capital,radiancapital.com,radiancapital.com,https://linkedin.com/company/radian-capital,16468381127,1250 Broadway,New York,New York,10001,United States,Venture Capital & Private Equity,25,Opportunity,Josh Buehler,2025-12-01 15:56,2024-05-13 17:36,1,1,,0,,,
39352142670,Quorum Health,qhcus.com,qhcus.com,,12568453150,,,,,,,,Contact,Josh Buehler,2025-10-06 6:39,2025-09-11 13:33,1,,New,0,,,
50625575948,Queensway Carleton Hospital,qch.on.ca,qch.on.ca,,,3045 Baseline Rd.,Ottawa,ON,K2H 8P4,,,,Contact,MacKenzie Masten,,2026-02-05 16:15,1,,,0,,,
8778517333,Quebec International Relations Ministry,mri.gouv.qc.ca,mri.gouv.qc.ca,https://linkedin.com/company/gouvernement-du-quebec-carriere,8776444545,875 Grande Allée Est,Quebec,Quebec,G1K 7T3,Canada,Government Administration,3847,,Lisa Israelovitch,2026-01-27 6:53,2022-05-24 17:41,3,,,0,,,
18466987528,Quebec Health Ministry,msss.gouv.qc.ca,msss.gouv.qc.ca,https://linkedin.com/company/gouvernement-du-quebec-carriere,8776444545,800 Place Dyouville,Quebec,Quebec,G1G 1G1,Canada,Government Administration,3847,Contact,Abbygaiël Jean-Baptiste (Deactivated User),,2023-12-19 15:34,3,,,0,,,
8691865981,Quebec Economy Ministry staff,economie.gouv.qc.ca,economie.gouv.qc.ca,https://linkedin.com/company/gouvernement-du-quebec-carriere,15144992199,875 Grande Allée Est,Quebec,Quebec,G1K 7T3,Canada,Government Administration,773,,Lisa Israelovitch,2023-11-13 15:03,2022-05-13 16:13,13,,,0,,,
16997695404,Quartier de l'Innovation en Santé,qisante.ca,qisante.ca,https://linkedin.com/company/quartier-de-l-innovation-en-sant,,,,,,Canada,Hospital & Health Care,10,Contact,Lisa Israelovitch,,2023-08-17 15:00,2,,,0,,,
9647132081,Q-Reviews,q-reviews.com,q-reviews.com,https://linkedin.com/company/quality-reviews-inc, +1 646-875-8829,222 Broadway,New York,New York,10038,United States,"Health, Wellness and Fitness",21,Lead,,2024-07-23 16:00,2022-09-22 14:37,1,,,0,,,
8967845706,PwC,pwc.com,pwc.com,https://linkedin.com/company/pwc,18133516919,1 Embankment Place,St James's,England,WC2N 6RH,United Kingdom,Management Consulting,370000,Contact,Josh Buehler,2025-12-03 9:30,2022-06-22 13:26,9,,,1,2025-04-17 10:07,2025 ORBM Webinar Registration: ORBM Webinar Form,
9938799456,Puzzle Partner,puzzlepartner.ca,puzzlepartner.ca,https://www.linkedin.com/company/5263434,,,,,,Canada,Hospitality,6,Lead,,,2022-10-31 11:53,1,,,0,,,
43216578613,Punxsutawney Area Hospital,pah.org,https://www.pah.org,,18149381800,81 Hillcrest Drive,Punxsutawney,Pennsylvania,15767,United States,Hospital & Health Care,3,Contact,,,2025-10-30 21:47,1,,,,,,
39363074677,Pullman Regional Hospital,pullmanregional.org,pullmanregional.org,https://linkedin.com/company/pullman-regional-hospital,15093367514,835 Southeast Bishop Boulevard,Pullman,Washington,99163,United States,Hospital & Health Care,359,Contact,,,2025-09-11 13:33,2,,,0,,,
18868077172,PSG Equity,psgequity.com,psgequity.com,https://linkedin.com/company/psgequity, +1 617-544-8800,401 Park Drive,Boston,Massachusetts,2215,United States,Financial Services,380,Contact,Lisa Israelovitch,2025-12-10 15:00,2024-01-28 8:16,1,,,0,,,
39362773648,Proximie,proximie.com,proximie.com,https://linkedin.com/company/proximie,,13 Hanover Square,City of Westminster,England,W1S 1HN,United Kingdom,Hospital & Health Care,150,Contact,Lisa Israelovitch,2026-02-10 12:06,2025-09-11 13:33,3,,,0,,,
16069100442,Providence,providence.org,providence.org,https://linkedin.com/company/providencehealthsystem,18006278106,1801 Lind Avenue Southwest,Renton,Washington,98057,United States,Hospital & Health Care,120000,Contact,Lisa Israelovitch,2025-10-15 9:25,2023-06-14 14:06,10,,New,0,,,
14918504512,Protech,protech-lp.com,protech-lp.com,https://linkedin.com/company/protech-lp, +1 514-765-7354,10174 AVENUE DE LONDON,Montréal,Quebec,H1H 4H3,Canada,Printing,5,Contact,,2023-03-23 14:53,2023-03-01 12:37,1,,,0,,,
9019091493,Propulia Capital,propuliacapital.ai,propuliacapital.ai,https://linkedin.com/company/propulia-capital,15145000397,,Montreal,Quebec,,Canada,Investment Management,5,,,2022-10-07 18:08,2022-06-29 15:27,3,,,0,,,
18741668402,ProMedica,promedica.org,promedica.org,https://linkedin.com/company/promedica,18443730871,100 Madison Avenue,Toledo,Ohio,43604,United States,Hospital & Health Care,56000,Customer,Lisa Israelovitch,2026-02-09 15:00,2024-01-16 17:40,8,1,New,0,,,
11210249091,Prinnovo,prinnovo.com,prinnovo.com,https://linkedin.com/company/prinnovo,404-502-4284,1250 Revolution Mill Drive,Greensboro,North Carolina,27405,United States,Consumer Services,15,Contact,Lisa Israelovitch,2023-07-07 13:23,2023-01-27 17:04,2,,,0,,,
10812655747,Prime Healthcare Services,primehealthcare.com,primehealthcare.com,https://linkedin.com/company/prime-healthcare,19092354400,3300 E Guasti Rd,Ontario,California,91761,United States,Hospital & Health Care,50000,Contact,Josh Buehler,,2023-01-16 20:40,5,,New,0,,,
30408031539,Press Ganey,pressganey.com,https://www.pressganey.com,https://linkedin.com/company/press-ganey-associates, +1 574-232-3387,,Wakefield,Massachusetts,1880,United States,Hospital & Health Care,3000,Contact,Lisa Israelovitch,,2025-02-26 10:21,1,,,0,,,
39355703219,Presaj,presaj.org,presaj.org,https://linkedin.com/company/presaj,15152942030,,Cedar Rapids,Iowa,52403,United States,Hospital & Health Care,10,Contact,,,2025-09-11 13:33,1,,,0,,,
16950474595,Practice Greenhealth,practicegreenhealth.org,practicegreenhealth.org,https://www.linkedin.com/company/practice-greenhealth,6037959966,12355 Sunrise Valley Drive,Reston,Virginia,20190,United States,Hospital & Health Care,30,Contact,Lisa Israelovitch,,2023-08-14 15:25,1,,,0,,,
39355703217,Powers Health,powershealth.org,powershealth.org,,12193927424,1500 S Lake Park Ave.,Hobart,IN,46342,,,7500,Contact,Josh Buehler,2026-02-06 12:24,2025-09-11 13:33,3,,New,1,2026-02-03 12:35,Learn more about AssistIQ: Demo Request,
11482433453,Postmedia,postmedia.com,postmedia.com,https://linkedin.com/company/postmedia-network-inc, +1 416 383 2300,365 Bloor Street East,Toronto,Ontario,M4W 1H7,Canada,Newspapers,2098,Contact,,,2023-01-30 20:00,1,,,0,,,
44098840422,Pomona Valley Hospital Medical Center,pvhmc.org,pvhmc.org,https://linkedin.com/company/pomona-valley-hospital-medical-center,,1798 North Garey Avenue,Pomona,California,91767,United States,Hospital & Health Care,2250,Contact,,,2025-11-06 14:19,1,,New,0,,,
15486276972,Polytechnique Montréal,polymtl.ca,polymtl.ca,https://linkedin.com/school/polytechnique-montreal, +1 514 340 4711,2500 Polytechnique Road,Montreal,Quebec,H3T 1J4,Canada,Higher Education,1500,Contact,,2023-08-29 14:00,2023-04-17 11:23,1,,,0,,,
8960714100,PME MTL,pmemtl.com,pmemtl.com,https://linkedin.com/company/pme-mtl, +1 514-426-2888,630 Sherbrooke Street West,Montreal,Quebec,H3A 1E4,Canada,Management Consulting,210,,,,2022-06-21 17:19,1,,,0,,,
9678405123,Plug and Play Tech Center,pnptc.com,pnptc.com,https://www.linkedin.com/company/plug-and-play-tech-center,14085241400,440 N Wolfe Rd,Sunnyvale,California,94085,United States,Information Technology and Services,720,Lead,,2023-05-18 20:56,2022-09-27 15:17,3,,,0,,,
10030158753,Planned,planned.com,planned.com,https://linkedin.com/company/itsplanned, +1 888-575-2648,300 Rue de la Montagne,Quebec,Quebec,H3C 2B1,Canada,Events Services,50,Lead,,2025-04-16 18:00,2022-11-08 14:30,1,,,0,,,
39365090680,PipCare,pipcare.com,pipcare.com,https://linkedin.com/company/pipcare,14125592431,,New York,New York,10001,United States,Hospital & Health Care,30,Contact,,,2025-09-11 13:33,2,,,0,,,
30409241767,Piedmont Atlanta Hospital,,piedmont.org,https://linkedin.com/company/piedmonthealth, +1 678-503-1900,1968 Peachtree Road Northwest,Atlanta,Georgia,30309,United States,Hospital & Health Care,3470,Contact,Lisa Israelovitch,,2025-02-26 10:21,4,,New,0,,,
39351912268,Piedmont,piedmont.org,piedmont.org,https://linkedin.com/company/piedmonthealth, +1 678-503-1900,1968 Peachtree Road Northwest,Atlanta,Georgia,30309,United States,Hospital & Health Care,3470,Contact,,,2025-09-10 15:41,4,,New,0,,,
30401006371,Physician Partners of America,physicianpartnersofamerica.com,physicianpartnersofamerica.com,https://linkedin.com/company/physician-partners-of-america,,4730 North Habana Avenue,Tampa,Florida,33614,United States,"Health, Wellness and Fitness",390,Contact,Lisa Israelovitch,,2025-02-26 10:21,1,,New,0,,,
30421729133,Perioperative Solutions LLC,perioperativesolutions.com,https://perioperativesolutions.com,,14042426360,76295 PO Box,Atlanta,Georgia,30358,United States,Consumer Services,,Contact,Lisa Israelovitch,,2025-02-26 10:21,1,,,0,,,
10218166696,PEP Concept,pepconcept.com,pepconcept.com,https://linkedin.com/company/pepconcept,5142700300,5500 Rue Fullum,Montreal,Quebec,H2G 2H3,Canada,Marketing and Advertising,15,Lead,,2023-03-24 13:55,2022-12-01 9:32,3,,,0,,,
8896964685,pennylove.com,pennylove.com,pennylove.com,,,,,,,,,,,,2022-07-11 11:26,2022-06-11 13:30,1,,,0,,,
45778150407,Penn State,pennstatehealth.psu.edu,pennstatehealth.psu.edu,https://linkedin.com/school/penn-state-university,8148654700,253 South Burrowes Street,University Park,Pennsylvania,16802,United States,Higher Education,8860,Contact,Lisa Israelovitch,2025-07-28 20:04,2023-09-12 22:16,4,,New,0,,,pennstatehealth.org; hmc.psu.edu
9327389497,Penn Medicine ,pennmedicine.upenn.edu,pennmedicine.upenn.edu,https://www.linkedin.com/company/university-of-pennsylvania,12156156633,3819 Chestnut Street,Philadelphia,Pennsylvania,19113,United States,Higher Education,10,Contact,,2022-08-16 21:12,2022-08-05 15:14,1,,New,0,,,pennmedicine.org; upenn.edu
15598338918,PenderFund,penderfund.com,penderfund.com,https://linkedin.com/company/penderfund-capital-management,8663774743,1066 West Hastings Street,Vancouver,British Columbia,V6E 3X2,Canada,Investment Management,30,Contact,Lisa Israelovitch,2023-08-02 11:15,2023-04-27 17:27,1,,,0,,,
30409178141,Pegasys Medical,pegasysmed.com,https://pegasysmed.com,https://linkedin.com/company/pegasys-medical,18168052937,,Mission Viejo,California,,United States,Hospital & Health Care,3,Contact,Lisa Israelovitch,,2025-02-26 10:21,1,,,0,,,
35594806630,PeaceHealth,peacehealth.org,peacehealth.org,https://linkedin.com/company/peacehealth,13607291340,505 NE 87th Ave,Vancouver,Washington,98664,United States,Hospital & Health Care,16000,Contact,Greg Zenko,2025-07-28 19:47,2025-06-30 13:58,3,,New,0,,,
35611093034,PayEvo,paymentevolution.com,paymentevolution.com,https://www.linkedin.com/company/paymentevolution,6477767600,2601 Matheson Boulevard East,Mississauga,Ontario,L4W 5A8,Canada,Financial Services,250,Lead,Lisa Israelovitch,2022-12-06 14:52,2022-10-06 16:49,3,,,0,,,corp.paymentevolution.com
11466084214,Pave,pave.com,pave.com,https://linkedin.com/company/pave-com, +1 212-555-1212,200 Varick Street,New York,New York,10014,United States,Information Technology and Services,21,Contact,,2023-02-03 13:27,2023-01-30 12:57,1,,,0,,,
42788833610,Parrish Medical Center,parrishmed.com,parrishmed.com,https://linkedin.com/company/parrish-medical-center,,951 North Washington Avenue,Titusville,Florida,32796,United States,,3500,Contact,Josh Buehler,,2025-10-27 14:54,2,,,0,,,
10347577201,Paretisa,paretisa.com,paretisa.com,https://linkedin.com/company/getparetisa,,1809 East 11th Street,Tulsa,Oklahoma,74104,United States,Human Resources,10,Lead,,,2022-12-13 19:20,1,,,0,,,
10319205220,Paperplane Therapeutics,paperplanetherapeutics.com,paperplanetherapeutics.com,https://linkedin.com/company/paperplane-therapeutics,,355 Rue Peel,Montreal,Quebec,H3C 2G9,Canada,Biotechnology,5,Lead,,2025-10-06 17:00,2022-12-11 22:25,1,,,0,,,
39363779641,Pandion Optimization Alliance,pandionalliance.com,pandionalliance.com,https://linkedin.com/company/pandionalliance,18887324282,,Fairport,New York,14450,United States,Management Consulting,50,Contact,,,2025-09-10 15:41,1,,,0,,,
8748407632,Panache Ventures,panache.vc,panache.vc,https://linkedin.com/company/panache-ventures,14035602384,3 Place Ville Marie,Montreal,Alberta,,Canada,Venture Capital & Private Equity,20,,,2022-08-16 9:19,2022-05-20 12:59,3,,,0,,,
8895752800,Pampered Tot,pamperedtot.com,pamperedtot.com,https://linkedin.com/company/pampered-tots,13103723090,2460 Concord Church Road,Columbia,Tennessee,38401,United States,Retail,5,,,2022-06-11 9:12,2022-06-11 0:12,1,,,0,,,
39364631712,Palomar Health,palomarhealth.org,palomarhealth.org,https://linkedin.com/company/palomar-health,,2185 West Citracado Parkway,Escondido,California,92029,United States,Hospital & Health Care,2500,Contact,,,2025-09-11 13:33,1,,New,0,,,
39357549996,Pacific Coast Anesthesia Consultants,pacificcoastanesthesia.com,pacificcoastanesthesia.com,,,,,,,,,80,Contact,,,2025-09-11 13:33,1,,,0,,,
39370513771,Pacific Anesthesia,pacificanesthesia.org,pacificanesthesia.org,https://linkedin.com/company/pacificanesthesia,18087929888,321 North Kuakini Street,Honolulu,Hawaii,96817,United States,Hospital & Health Care,125,Contact,,,2025-09-11 13:33,1,,,0,,,
17604521529,PACE Healthcare Capital,pace-healthcare.com,pace-healthcare.com,https://linkedin.com/company/pace-healthcare-capital,,,Chicago,Illinois,60654,United States,"Health, Wellness and Fitness",5,Contact,Lisa Israelovitch,2023-12-07 11:00,2023-10-07 16:18,1,,,0,,,
18106851849,Owensboro Health,owensborohealth.org,owensborohealth.org,https://linkedin.com/company/owensboro-health,18778886647,1201 Pleasant Valley Road,Owensboro,Kentucky,42303,United States,Hospital & Health Care,4300,Customer,Lisa Israelovitch,2026-02-10 14:00,2023-11-16 10:27,22,1,,2,2026-01-13 16:42,Owensboro Health Case Study: OB Case Study Download,
17737292155,OVHcloud,ovhcloud.com,ovhcloud.com,https://linkedin.com/company/ovhgroup,,2 Rue Kellermann,Roubaix,Hauts-de-France,59100,France,Information Technology and Services,2766,Contact,Lisa Israelovitch,2023-10-27 15:00,2023-10-19 17:49,1,,,0,,,
50632190090,Overlake Medical Center & Clinics,overlakehospital.org,overlakehospital.org,https://linkedin.com/company/overlake-medical-center-and-clinics,14256885000,1035 116th Avenue Northeast,Bellevue,Washington,98004,United States,Hospital & Health Care,1500,Contact,MacKenzie Masten,,2026-02-03 17:26,2,,,1,2026-02-10 14:55,Learn more about AssistIQ and enter to win an Oura Ring: Demo Request,
49762945965,OU Health (FKA OU Medicine),ouhealth.com,ouhealth.com,,,,,,,,,,Contact,,,2026-01-26 18:09,0,,New,,,,
18002808919,osumc.edu,osumc.edu,osumc.edu,https://www.linkedin.com/company/the-ohio-state-university,6142926446,450 W 10th Ave,Columbus,Ohio,43210,United States,Higher Education,23970,Lead,Lisa Israelovitch,2025-06-30 8:13,2023-11-08 14:11,7,1,In Progress,0,,,
15509408568,"Osler, Hoskin & Harcourt",osler.com,osler.com,https://linkedin.com/company/osler-hoskin, +1 212-991-2541,100 King Street West,Toronto,Ontario,M5X 1A9,Canada,Law Practice,2000,Contact,Lisa Israelovitch,2025-10-22 14:00,2023-04-19 15:01,3,,,0,,,
35584420001,OSF HealthCare,osfhealthcare.org,osfhealthcare.org,https://linkedin.com/company/osf-healthcare,16184652571,800 Northeast Glen Oak Avenue,Peoria,Illinois,61656,United States,Hospital & Health Care,25246,Contact,Greg Zenko,2025-07-28 18:57,2025-06-30 13:37,6,,New,1,2026-02-10 14:25,Learn more about AssistIQ and enter to win an Oura Ring: Demo Request,
39366487716,OrthoNeuro,orthoneuro.com,orthoneuro.com,https://linkedin.com/company/orthoneuro,16148906555,433 North Cleveland Avenue,Westerville,Ohio,43082,United States,Consumer Services,175,Contact,,,2025-09-11 13:33,1,,,0,,,
50659364451,OrthoNebraska,orthonebraska.com,orthonebraska.com,,,2808 S 143rd Plaza,Omaha,NE,68144,,,,Contact,Stephen Boswell,2026-02-06 12:23,2026-02-05 16:15,1,,,0,,,
11064298143,orlandohealthventures.com,orlandohealthventures.com,orlandohealthventures.com,https://www.linkedin.com/company/orlando-health, +1 321-841-8623,1414 South Kuhl Avenue,Orlando,FL,32806,United States,Hospital & Health Care,50000,Contact,,2025-04-28 12:00,2023-01-26 16:49,1,,,0,,,
10884686683,Orlando Health,orlandohealth.com,orlandohealth.com,https://linkedin.com/company/orlando-health, +1 321-841-8623,1414 South Kuhl Avenue,Orlando,Florida,32806,United States,Hospital & Health Care,6852,Contact,Lisa Israelovitch,2025-04-28 12:38,2023-01-20 8:44,6,,New,0,,,
17529822032,Orbiit,orbiit.ai,orbiit.ai,https://linkedin.com/company/orbiit, +1 347-430-7890,641 5th Avenue,New York,New York,10022,United States,Information Technology and Services,15,Contact,Lisa Israelovitch,,2023-09-30 12:03,0,,,,,,
38502886036,Optum Ventures,optumventures.com,optumventures.com,https://linkedin.com/company/optumventures, +1 952-936-1300,75 State Street,Boston,Massachusetts,2109,United States,Venture Capital & Private Equity,45,Contact,Josh Buehler,2025-09-18 14:30,2025-08-21 15:11,3,,,0,,,
45872027978,Optum,optum.com,optum.com,https://linkedin.com/company/optum, +1 952-936-1300,11000 Optum Circle,Eden Prairie,Minnesota,55344,United States,"Health, Wellness and Fitness",310000,Opportunity,Lisa Israelovitch,2026-01-16 20:19,2024-05-09 9:07,21,1,,0,,,optum360.com
10903910277,Optimal Innovation,optimalinnovationgroup.com,optimalinnovationgroup.com,https://linkedin.com/company/optimal-innovation-group-inc,,2115 South Service Road West,Oakville,Ontario,L6L 5W2,Canada,Professional Training & Coaching,5,Contact,,2023-10-04 8:41,2023-01-22 19:40,2,,,0,,,
30420953997,Opmed.ai,opmed.ai,https://www.opmed.ai,,972732122300,,,,,,,43,Contact,Lisa Israelovitch,,2025-02-26 10:21,1,,,0,,,
8109980225,Operator Partners,operatorpartners.com,operatorpartners.com,https://linkedin.com/company/operator-partners,,,New York,New York,10011,United States,Financial Services,5,,,2026-02-10 10:04,2022-03-05 21:48,1,,,0,,,
30034336103,Onvida Health,onvidahealth.org,https://www.onvidahealth.org,https://linkedin.com/company/yuma-regional-medical-center, +1 928-336-2273,2400 S Ave. A,Yuma,AZ,85364,United States,Hospital & Health Care,,Marketing Qualified Lead,Lisa Israelovitch,2026-02-06 11:52,2025-02-16 12:00,3,,New,0,,,yumaregional.org
18161658943,Ontario's Anesthesiologists,ontariosanesthesiologists.ca,ontariosanesthesiologists.ca,https://linkedin.com/company/ontario,16472914338,78 DEWHURST BLVD,Toronto,Ontario,M4J 3J3,Canada,Hospital & Health Care,600,Contact,Lisa Israelovitch,2023-11-28 19:00,2023-11-20 20:34,1,,New,0,,,
46842307096,Onslow Memorial Hospital,onslow.org,onslow.org,https://linkedin.com/company/onslow-memorial-hospital,19105772345,317 Western Boulevard,Jacksonville,North Carolina,28546,United States,Hospital & Health Care,1285,Contact,,,2025-12-08 20:04,1,,,0,,,
17745813659,One Brooklyn Health,bhmcny.org,bhmcny.org,https://www.linkedin.com/company/one-brooklyn-health-system-inc,17182407370,1 Brookdale Plaza,New York,New York,10001,United States,Hospital & Health Care,1000,Contact,Lisa Israelovitch,,2023-10-20 6:57,1,,New,0,,,onebrooklynhealth.org
9135868710,OMERS Ventures,omersventures.com,omersventures.com,https://linkedin.com/company/omers-ventures,14163692400,200 Bay Street,Toronto,Ontario,M5J 2T6,Canada,Venture Capital & Private Equity,26,,,2023-04-25 15:55,2022-07-14 19:06,1,,,0,,,
15004668752,Olympus,olympus.com,olympus.com,https://linkedin.com/company/olympus-solutions-inc,18555327490,151 TELSON RD,Shinjuku,Tokyo Prefecture,160-0022,Japan,Hospital & Health Care,31557,Contact,,2024-07-11 9:34,2023-03-08 14:57,2,,,0,,,
35737209685,OhioHealth,ohiohealth.com,ohiohealth.com,https://www.linkedin.com/company/ohiohealth, +1 614-544-4563,180 East Broad Street,Columbus,OH,43215,United States,Hospital & Health Care,10000,Lead,Lisa Israelovitch,2026-01-16 9:18,2023-09-10 9:57,17,,In Progress,1,2025-11-05 8:57,Request a demo: Demo Request,
49782647885,Ohio Department of Mental Health & Addiction Services,ohio.gov,ohio.gov,,,,,,,,,,Contact,,,2026-01-26 18:09,0,,New,,,,
10071856477,ODAIA,odaia.ai,odaia.ai,https://linkedin.com/company/odaiaintelligence,,359 Newbury Street,Boston,Massachusetts,2115,United States,Information Technology and Services,90,Lead,,2025-08-08 9:00,2022-11-14 15:24,2,,,0,,,
39352298280,Ochsner Health,ochsner.org,ochsner.org,https://linkedin.com/company/ochsner-health-system, +1 504-842-4748,1514 Jefferson Highway,New Orleans,Louisiana,70121,United States,Hospital & Health Care,7581,Contact,,,2025-09-11 13:33,3,,New,0,,,
49749983304,Oceans Healthcare,oceanshealthcare.com,oceanshealthcare.com,,,,,,,,,,Contact,,,2026-01-26 18:09,0,,New,,,,
14937768224,OBIO,obio.ca,obio.ca,https://linkedin.com/company/ontario-bioscience-innovation-organization, +1 416-848-6839,,Toronto,Ontario,M5G 1L5,Canada,Biotechnology,30,Contact,,2023-03-09 17:07,2023-03-03 8:48,2,,,0,,,
14749898246,NYU Langone Health,nyulangone.org,nyulangone.org,https://www.linkedin.com/company/nyulangonehealth, +1 855-698-9991,550 1st Ave,New York,NY,10016,United States,Hospital & Health Care,50000,Contact,Lisa Israelovitch,2023-10-24 11:26,2023-02-20 8:57,7,,New,0,,,
39123804275,Nymbl Systems,nymblsystems.com,nymblsystems.com,https://linkedin.com/company/nymblsystems,18596578324,61 W Bridge St,Dublin,Ohio,43017,United States,Business Supplies and Equipment,62,Contact,Josh Buehler,2025-09-18 17:00,2025-09-03 9:03,1,,,0,,,
39372565676,NYC Health + Hospitals/South Brooklyn Health,nychhc.org,nychhc.org,,,506 Malcolm X Blvd,New York,New York,10037,United States,Hospital & Health Care,10578,Contact,,,2025-09-11 13:33,3,,New,0,,,
33750240545,Nuvance Health,nuvancehealth.org,nuvancehealth.org,https://linkedin.com/company/nuvancehealth,,45 Reade Pl.,Poughkeepsie,NY,12601,United States,Hospital & Health Care,6000,Lead,Shawn Sefton,2025-07-21 16:00,2025-05-20 23:35,5,,In Progress,0,,,
8897004441,Nursesimple,nursesimple.com,nursesimple.com,https://linkedin.com/company/nursesimple,,1867 Yonge Street,Toronto,Ontario,M4S 1Y5,Canada,"Health, Wellness and Fitness",15,,,2022-07-29 8:43,2022-06-11 13:42,1,,,0,,,
39352067196,Novant Health,novanthealth.org,novanthealth.org,https://linkedin.com/company/novanthealth,18442668268,2085 Frontis Plaza Boulevard,Winston-Salem,North Carolina,27103,United States,Hospital & Health Care,40000,Opportunity,Stephen Boswell,2026-02-09 18:07,2025-09-10 15:41,6,1,New,0,,,
9248632117,notarius.net,notarius.net,notarius.net,https://www.linkedin.com/company/avancie-inc,18663012476,5223 Boulevard LaSalle,Montréal,Québec,H4H 1P1,Canada,Computer Software,50,Lead,,2026-02-06 16:15,2022-07-27 11:15,0,,,,,,
29012232457,Norwest Venture Partners,nvp.com,nvp.com,https://linkedin.com/company/norwest-venture-partners,18883527075,525 University Ave,Palo Alto,California,94301,United States,Financial Services,125,Contact,Lisa Israelovitch,2025-01-31 11:15,2025-01-26 8:52,1,,,0,,,
39366949904,Norton Healthcare,nortonhealthcare.org,nortonhealthcare.org,,15026291234,,Louisville,Kentucky,40299,United States,Hospital & Health Care,14500,Contact,,,2025-09-11 13:33,1,,New,0,,,nortonhealthcare.com
16192195974,Northwestern Medicine,nm.org,nm.org,https://www.linkedin.com/company/northwestern-medicine, +1 855-694-2866,660 N WESTMORELAND RD,,IL,60611,United States,Hospital & Health Care,10,Contact,Lisa Israelovitch,2024-07-10 14:30,2023-06-22 8:41,21,,New,0,,,
9646927662,Northwell Health,northwell.edu,northwell.edu,https://www.linkedin.com/company/northwell-health, +1 833-259-2367,400 E Main St.,Mount Kisco,NY,10549,United States,Hospital & Health Care,10000,Customer,Lisa Israelovitch,2026-02-10 11:30,2022-09-22 14:37,42,1,,3,2026-02-10 12:58,Learn more about AssistIQ: Demo Request,
46851256389,Northside Hospital Atlanta,northside.com,northside.com,https://linkedin.com/company/northside-hospital, +1 404-851-8000,450 Northside Cherokee Blvd.,Canton,GA,30115,United States,Hospital & Health Care,5862,Contact,Stephen Boswell,2026-02-06 12:15,2025-12-08 20:04,4,,,1,2026-02-03 18:13,Learn more about AssistIQ: Demo Request,
39350280310,NorthShore University HealthSystem,northshore.org,northshore.org,https://linkedin.com/company/northshore-university-healthsystem,18474253900,2650 Ridge Ave,Evanston,Illinois,60201,United States,Hospital & Health Care,10500,Contact,Josh Buehler,,2025-09-11 13:33,2,,New,0,,,
39354775710,Northern Arizona Healthcare,nahealth.com,nahealth.com,https://linkedin.com/company/northern-arizona-healthcare, +1 928-773-2014,1200 N Beaver St,Flagstaff,Arizona,86001,United States,Hospital & Health Care,1750,Contact,,,2025-09-11 13:33,2,,New,0,,,
10836876666,Northeast Georgia Health System,nghs.com,nghs.com,https://linkedin.com/company/northeast-georgia-health-system,17702192998,743 Spring NE St,Gainesville,Georgia,30501,United States,Hospital & Health Care,3990,Contact,Lisa Israelovitch,2023-11-08 13:42,2023-01-17 22:14,9,,New,0,,,
39366949905,NorthBay Health,northbay.org,northbay.org,https://linkedin.com/company/northbayhealth,17076463280,1200 B. Gale Wilson Blvd.,Fairfield,CA,94533,United States,Hospital & Health Care,1250,Contact,Stephen Boswell,2026-02-06 12:05,2025-09-11 13:33,1,,New,0,,,
39356326318,North Oaks Health System,northoaks.org,northoaks.org,https://linkedin.com/company/mynorthoaks,,15790 Paul Vega MD Drive,Hammond,Louisiana,70403,United States,Hospital & Health Care,1500,Contact,,,2025-09-11 13:33,1,,New,0,,,
49762171949,North Mississippi Health Services,nmhs1.biz,nmhs1.biz,,,,,,,,,,Contact,,,2026-01-26 18:09,0,,New,,,,
35012555135,North Mississippi,www.nmhs.net,www.nmhs.net,https://linkedin.com/company/north-mississippi-health-services,,,,Mississippi,,United States,Hospital & Health Care,59,Contact,Lisa Israelovitch,2025-06-12 15:46,2025-06-12 16:57,2,,New,0,,,
49751531126,North Florida Surgery Center,nfsurgerycenter.com,nfsurgerycenter.com,,,,,,,,,,Contact,,,2026-01-26 18:09,0,,New,,,,
49767745177,Nor-Lea Hospital District (FKA Nor-Lea General Hospital),nor-lea.org,https://nor-lea.org,,15753966611,1600 North Main Avenue,Lovington,New Mexico,88260,United States,Hospital & Health Care,620,Contact,,,2026-01-26 18:09,0,,New,,,,
43315750783,nohassle.nl,nohassle.nl,https://nohassle.nl,https://linkedin.com/company/plesk,31303036612,,,,,The Netherlands,Real Estate,30,Contact,,,2025-10-30 21:47,3,,,0,,,
30417616242,NHS,nhs.uk,nhs.uk,,,,,,,,,,Contact,Lisa Israelovitch,,2025-02-26 10:21,1,,,0,,,
46923830392,NHG,nhghealth.com.sg,nhghealth.com.sg,https://linkedin.com/company/nhghealth,6563553000,,,,,Singapore,Hospital & Health Care,14000,Contact,,,2025-12-09 14:23,1,,,0,,,
10123156485,nextai.com,nextai.com,nextai.com,https://linkedin.com/company/nextai,(647)259-8943,175 Bloor Street East,Toronto,Ontario,M4W 3R8,Canada,Computer Software,30,Lead,,2022-11-18 10:45,2022-11-18 10:42,1,,,0,,,
15583176370,Next Ventures,nextventures.com,nextventures.com,https://linkedin.com/company/nextventuresvc,,595 Pacific Avenue,San Francisco,California,94102,United States,Venture Capital & Private Equity,10,Contact,Lisa Israelovitch,2023-06-14 19:21,2023-04-26 15:41,1,,,0,,,
9064641393,Nexera,nexerainc.com,nexerainc.com,https://www.linkedin.com/company/nexera-inc,(877) 639-3720,555 West 57th Street,New York,New York,10019,United States,Hospital & Health Care,150,,,2023-12-20 9:00,2022-07-06 12:35,2,,,0,,,
15172621858,NexCloud,nexcloud.ca,nexcloud.ca,https://linkedin.com/company/nexcloud-consulting,14377038303,,,,,Canada,Management Consulting,5,Contact,Lisa Israelovitch,2026-01-26 10:00,2023-03-16 16:06,0,,,,,,
35737209718,NewYork-Presbyterian,nyp.org,nyp.org,https://www.linkedin.com/company/new-york-presbyterian-hospital, +1 212-297-3005,,New York,NY,10021,United States,Hospital & Health Care,10,Lead,Lisa Israelovitch,2025-11-20 19:02,2025-02-26 10:21,6,,In Progress,0,,,
39354306403,NewBridgeMedicalCtr,newbridgehealth.org,newbridgehealth.org,https://linkedin.com/company/bergen-new-bridge-medical-center,,230 East Ridgewood Avenue,Paramus,New Jersey,7652,United States,Hospital & Health Care,1250,Contact,,,2025-09-11 13:33,1,,,0,,,
49775798041,New York State Office of Mental Health,ny.gov,ny.gov,,,,,,,,,,Contact,,,2026-01-26 18:09,0,,New,,,,
49828241993,New Jersey Division of Mental Health Services (DHS),nj.gov,nj.gov,,,,,,,,,,Contact,,,2026-01-26 18:09,0,,New,,,,
49774094000,NeuroPsychiatric Hospitals (FKA Physicians Hospital System),neuropsychiatrichospitals.net,neuropsychiatrichospitals.net,,,,,,,,,,Contact,,,2026-01-26 18:09,0,,New,,,,
30032446622,Nemours Children's Hospital,,,,,,,,,,Hospital & Health Care,,Contact,Lisa Israelovitch,2025-02-19 7:45,2025-02-16 12:00,16,,New,0,,,
42787427986,Nemours,nemours.org,nemours.org,https://linkedin.com/company/nemours,18445511351,6535 Nemours Parkway,Orlando,Florida,32827,United States,Hospital & Health Care,5099,Contact,Josh Buehler,,2025-10-27 8:00,16,,New,0,,,
49782647884,Nell J Redfield Memorial Hospital,oneidacountyhospital.com,oneidacountyhospital.com,,,,,,,,,,Contact,,,2026-01-26 18:09,0,,New,,,,
9239394962,NEL-i,nel-i.com,nel-i.com,https://linkedin.com/company/nel-i,,,Montreal,Quebec,,Canada,Professional Training & Coaching,5,Lead,,2022-09-29 9:45,2022-07-26 12:14,1,,,0,,,
43197487678,Nebraska Methodist Health System,bestcare.org,nmhs.org,https://linkedin.com/company/nebraska-methodist-health-system,14023544800,8511 West Dodge Road,Omaha,Nebraska,68157,United States,Hospital & Health Care,2290,Contact,Lisa Israelovitch,2025-12-05 16:00,2025-10-29 14:01,1,,New,0,,,nmhs.org
15275677880,NEA - New Enterprise Associates,nea.com,nea.com,https://linkedin.com/company/new-enterprise-associates,13012722318,2855 Sand Hill Road,Menlo Park,California,94025,United States,Capital Markets,234,Opportunity,,2025-11-01 13:09,2023-03-23 22:10,1,1,,0,,,
51123964562,NCS Equity Placement Ltd,ncsequityltd.com,ncsequityltd.com,,33123456789,,,,,,Financial Services,,Contact,,,2026-02-10 18:49,1,,,1,2026-02-10 18:49,Contact AssistIQ | Get in touch with our team: Main Contact Form,
46762726723,National Spine & Pain Centers,treatingpain.com,treatingpain.com,https://linkedin.com/company/national-spine,18558367246,11921 Rockville Pike,Rockville,Maryland,20852,United States,Hospital & Health Care,450,Contact,,,2025-12-08 20:04,1,,,0,,,
8112190337,National Research Council Canada / Conseil national de recherches...,nrc-cnrc.gc.ca,nrc-cnrc.gc.ca,https://linkedin.com/company/national-research-council, +1 800 282 1376,1200 Montreal Road,Ottawa,Ontario,K1A 0R6,Canada,Government Administration,4000,,Lisa Israelovitch,2026-02-05 17:37,2022-03-05 21:48,3,,,0,,,
49827623273,National Jewish Health,nationaljewish.org,nationaljewish.org,,,,,,,,,,Contact,,,2026-01-26 18:09,0,,New,,,,
49744686777,Naples Comprehensive Health,nchmd.org,nchmd.org,,,,,,,,,,Contact,,,2026-01-26 18:09,0,,New,,,,
9648039073,N49P Venture Capital,n49p.com,n49p.com,https://linkedin.com/company/n49p-ventures,,,Toronto,Ontario,,Canada,Venture Capital & Private Equity,5,Lead,Lisa Israelovitch,2026-01-06 16:30,2022-09-22 17:08,2,,,0,,,
15135355743,Myni,myni.ca,myni.ca,https://linkedin.com/company/mynicleaning,,,,,,Canada,Consumer Goods,6,Contact,,2023-03-17 14:30,2023-03-14 15:26,0,,,,,,
49760777572,MyMichigan Health (FKA MidMichigan Health),mymichigan.org,mymichigan.org,,,,,,,,,,Contact,,,2026-01-26 18:09,0,,New,,,,
23946125177,Mutual Capital Partners,mutualcapitalpartners.com,mutualcapitalpartners.com,https://www.linkedin.com/company/mutual-capital-partners,12165774408,1290 Bassett Rd,Westlake,Ohio,44145,United States,Capital Markets,8,Opportunity,Josh Buehler,2025-01-19 8:00,2024-10-18 9:32,1,1,,0,,,
30034329218,Muscular Dystrophy Association,mda.org,mda.org,https://linkedin.com/company/muscular-dystrophy-association, +1 312-254-0632,222 South Riverside Plaza,Chicago,Illinois,60606,United States,Hospital & Health Care,1000,Contact,Lisa Israelovitch,,2025-02-16 12:00,0,,New,,,,
49767279990,Muscogee Creek Nation Health System,creekhealth.org,creekhealth.org,,,,,,,,,,Contact,,,2026-01-26 18:09,0,,New,,,,
43392823161,Munson Healthcare,munsonhealthcare.org,munsonhealthcare.org,https://linkedin.com/company/munsonhealthcare,,,Traverse City,Michigan,,United States,Hospital & Health Care,570,Contact,,,2025-10-30 21:47,1,,New,0,,,mhc.net
15750781219,Munich Re Ventures,munichreventures.com,munichreventures.com,https://linkedin.com/company/munich-re-ventures, +49 6092 434200,2 Embarcadero Center,San Francisco,California,94111,United States,Professional Training & Coaching,30,Contact,Lisa Israelovitch,2023-05-17 14:00,2023-05-15 14:45,1,,,0,,,
45285720932,MultiCare Health,multicare.org,multicare.org,https://linkedin.com/company/multicare-health-system,18443882356,315 Martin Luther King Junior Way,Tacoma,Washington,98405,United States,Hospital & Health Care,18000,Contact,Josh Buehler,,2025-02-26 10:21,6,,New,0,,,multicare.pt
30937246248,Movemedical,movemedical.com,movemedical.com,https://linkedin.com/company/movemedical,18774693992,4660 La Jolla Village Drive,San Diego,California,92122,United States,Medical Devices,97,Contact,,,2025-03-11 15:31,1,,,1,2025-03-11 15:30,Request a demo: Demo Request,
11474466687,MoveMate,movemate.io,movemate.io,https://linkedin.com/company/movemateio,,200 Boulevard Saint-Laurent,Montreal,Quebec,H2Y 4B2,Canada,Logistics and Supply Chain,30,Contact,,2023-10-16 13:00,2023-01-30 17:50,1,,,0,,,
9755157931,Mount Sinai,mountsinai.org,https://www.mountsinai.org/,https://linkedin.com/company/mountsinainyc,12122416500,1 Gustave L. Levy Place,New York,New York,10029,United States,Hospital & Health Care,48000,Sales Accepted Lead,Lisa Israelovitch,2026-02-04 19:30,2022-10-06 18:19,11,1,Open Deal,0,,,
32788557743,Mount Nittany Medical Center,mountnittany.org,mountnittany.org,https://linkedin.com/company/mount-nittany-medical-center,,1800 East Park Avenue,State College,Pennsylvania,16801,United States,Hospital & Health Care,1250,Sales Qualified Lead,Josh Buehler,2025-09-30 15:29,2025-04-30 9:06,6,1,Open Deal,0,,,
49780945992,Mosaic Life Care (FKA Heartland Health),mymlc.com,mymlc.com,,,,,,,,,,Contact,,,2026-01-26 18:09,0,,New,,,,
39141152432,Morgan Meadows Vineyard,morgan-meadows.com,morgan-meadows.com,,,,,,,,,,Contact,Josh Buehler,2026-02-04 13:30,2025-09-03 18:04,0,,,,,,
17314334743,Morehouse School of Medicine,msm.edu,msm.edu,https://linkedin.com/school/morehouse-school-of-medicine, +1 404-752-1500,720 Westview Drive Southwest,Atlanta,Georgia,30310,United States,Higher Education,2250,Contact,Lisa Israelovitch,2023-12-07 10:14,2023-09-13 16:18,1,,New,0,,,
49781410591,Monument Health (FKA Regional Health),monument.health,monument.health,,,1440 N Main St.,Spearfish,SD,57783,,,,Contact,MacKenzie Masten,,2026-01-26 18:09,1,,New,0,,,
30401006372,Montrose Health,montrosehealth.com,montrosehealth.com,https://linkedin.com/company/montrose-regional-health,,,Montrose,Colorado,81401,United States,Hospital & Health Care,420,Contact,Lisa Israelovitch,,2025-02-26 10:21,1,,New,0,,,
15384422493,Montréal Invivo,montreal-invivo.com,montreal-invivo.com,https://linkedin.com/company/montr-al-invivo,15149879386,630 Rue Sherbrooke Ouest,Montreal,Quebec,H3A 1E4,Canada,International Trade and Development,30,Contact,,2025-11-27 16:00,2023-04-04 17:15,2,,,0,,,
16259940020,Montreal Heart Institute,icm-mhi.org,icm-mhi.org,https://linkedin.com/company/institut-cardiologie-de-montr-al,15143763330,5000 Rue Bélanger,Montreal,Quebec,H1T 1C7,Canada,Hospital & Health Care,2720,Customer,Lisa Israelovitch,2023-07-06 11:13,2023-06-28 14:38,2,1,New,0,,,
8777419587,Montefiore Health System,montefiorehealthsystem.org,montefiore.org,https://linkedin.com/company/montefiore-health-system,17189204943,12 North 7th Avenue,Mount Vernon,New York,10550,United States,Hospital & Health Care,10000,Lead,Lisa Israelovitch,2025-06-02 6:29,2022-05-24 17:21,2,,In Progress,0,,,montefiore.org; montefioreeinstein.org
30409023387,Montage Health,montagehealth.org,montagehealth.org,https://linkedin.com/company/montagehealth,,23625 Holman Highway,Monterey,California,93940,United States,Hospital & Health Care,2501,Contact,Lisa Israelovitch,,2025-02-26 10:21,2,,New,0,,,chomp.org
16259731602,Monitored Therapeutics,monitoredrx.com,monitoredrx.com,https://linkedin.com/company/monitoredrx, +1 614-761-3555,5995 Shier Rings Road,Dublin,Ohio,43016,United States,Medical Devices,50,Contact,Lisa Israelovitch,2025-06-11 16:00,2023-06-28 14:18,1,,,0,,,
16217292443,monday.com,monday.com,monday.com,https://linkedin.com/company/mondaydotcom, +252 2 277014,6 Yitzhak Sadeh Street,Tel Aviv,Tel Aviv District,,Israel,Information Technology and Services,1553,Contact,,,2023-06-24 11:07,1,,,0,,,
46934384454,Mölnlycke Health Care,molnlycke.com,molnlycke.com,https://linkedin.com/company/molnlyckehealthcare,463172230,,Goeteborg,Vaestra Goetaland County,,Sweden,Medical Devices,7400,Contact,,,2025-12-09 14:23,1,,,0,,,
30420963456,Moffitt Cancer Center,moffitt.org,https://www.moffitt.org,https://linkedin.com/company/moffittcancercenter,18137453808,,Tampa,Florida,33601,United States,Hospital & Health Care,9000,Contact,Lisa Israelovitch,,2025-02-26 10:21,2,,New,0,,,
15708820092,Modelis,modelis.ca,modelis.ca,https://linkedin.com/company/modelis-inc,,,,,H2X 0A9,Canada,Biotechnology,10,Contact,Lisa Israelovitch,2023-07-28 12:58,2023-05-10 18:17,1,,,0,,,
10030128721,MNP,mnp.ca,mnp.ca,https://linkedin.com/company/mnp,14034440150,715 5 Avenue Southwest,Calgary,Alberta,T2P 2X6,Canada,Management Consulting,8676,Lead,Lisa Israelovitch,2025-07-04 16:00,2022-11-08 14:44,11,,,0,,,
15973053220,"Mitsui & Co., Ltd.  三井物産株式会社",mitsui.com,mitsui.com,https://linkedin.com/company/mitsui,,Level 46 Gateway Macquarie Pl,Chiyoda City,Tokyo Prefecture,100-0004,Japan,Oil & Energy,5494,Contact,Lisa Israelovitch,2023-06-16 12:30,2023-06-06 0:51,1,,,0,,,
14811575330,Mitacs,mitacs.ca,mitacs.ca,https://linkedin.com/company/mitacs, +1 514 247 0542,6190 Agronomy Road,Vancouver,British Columbia,V6T,Canada,Research,690,Contact,Lisa Israelovitch,2023-10-13 19:01,2023-02-24 13:46,0,,,,,,
10347764014,Mission Match,mission.dev,mission.dev,https://linkedin.com/company/mission-dev,18444677823,5455 Avenue de Gaspé,Montreal,Quebec,H2T 3B3,Canada,Computer Software,90,Lead,,2023-06-08 8:00,2022-12-13 20:12,2,,,0,,,
15581592927,Miro,account.miro.com,account.miro.com,https://linkedin.com/company/mirohq,6103285400,201 Spear Street,San Francisco,California,94105,United States,Computer Software,2750,Contact,,,2023-04-26 13:15,1,,,0,,,
37463892296,MIRATECH,miratechcorpusa.com,miratechcorpusa.com,,,,,,,,,,Contact,Josh Buehler,,2025-08-08 8:13,1,,,0,,,
8706700106,Miraki Innovation,miraki.com,miraki.com,https://linkedin.com/company/miraki-innovation,919137229917,44 Brattle St,Cambridge,Massachusetts,2138,United States,Investment Banking,7,,,2023-01-25 7:15,2022-05-16 13:43,1,,,0,,,
15752640616,Minogue Medical,minogue-med.com,minogue-med.com,https://linkedin.com/company/minogue-medical-inc,5142871644,180 Rue Peel,Montreal,Quebec,H3C 2E9,Canada,Medical Devices,30,Contact,Lisa Israelovitch,2023-06-06 11:30,2023-05-15 17:19,2,,,0,,,
49753079352,Minidoka Memorial Hospital,minidokamemorial.org,minidokamemorial.org,,,,,,,,,,Contact,,,2026-01-26 18:09,0,,New,,,,
15790192984,Mila,mila.quebec,mila.quebec,https://linkedin.com/school/mila-quebec, +1 514-838-6452,6666 Rue Saint-Urbain,Montreal,Quebec,H2S 3H1,Canada,Information Technology and Services,540,Contact,Lisa Israelovitch,,2023-05-18 17:28,1,,,0,,,
43297858619,Midland Memorial Hospital,midlandhealth.org,midlandhealth.org,https://linkedin.com/company/midland-memorial-hospital,,400 Rosalind Redfern Grover Parkway,Midland,Texas,79701,United States,Hospital & Health Care,1500,Contact,Josh Buehler,,2025-10-30 19:02,2,,,0,,,
10057236642,Microsoft,microsoft.com,microsoft.com,https://linkedin.com/company/microsoft,14258828080,1 Microsoft Way,Redmond,Washington,98052,United States,Information Technology and Services,228000,Lead,,2025-09-12 9:30,2022-11-11 15:18,6,,,0,,,infomail.microsoft.com; notificationmail.microsoft.com
9648982956,Michael Stamatinos,michaelstamo.com,michaelstamo.com,, +1 630-481-7938,1901 North Roselle Road,Schaumburg,Illinois,60195,United States,Marketing and Advertising,4,Lead,,2026-01-22 11:00,2022-09-22 21:46,1,,,0,,,
32016151065,MetroHealth,metrohealth.org,metrohealth.org,https://linkedin.com/company/metrohealthcle,12167787800,2500 MetroHealth Drive,Cleveland,Ohio,44109,United States,Hospital & Health Care,9000,Lead,Greg Zenko,2026-02-10 8:00,2025-04-14 12:31,1,,In Progress,0,,,
49757562988,Methodist Le Bonheur Healthcare (AKA Methodist Healthcare),methodisthealth.org,methodisthealth.org,,,,,,,,,,Contact,,,2026-01-26 18:09,0,,New,,,,
50637071942,Methodist Hospitals,methodisthospitals.org,methodisthospitals.org,,,8701 Broadway,Merrillville,IN,46410,,,,Contact,MacKenzie Masten,,2026-02-05 16:15,1,,,0,,,
35590132113,MercyOne,mercyone.org,mercyone.org,https://linkedin.com/company/mercyone,18339612453,,West Des Moines,Iowa,50314,United States,Hospital & Health Care,22000,Contact,Greg Zenko,2025-08-20 12:22,2025-06-30 11:45,1,,New,0,,,
50834878753,Mercy Hospital,northernlighthealth.org,https://northernlighthealth.org,https://linkedin.com/company/northern-light-health,12077684915,175 Fore River Parkway,Portland,Maine,4102,United States,Hospital & Health Care,2000,Contact,,,2026-02-06 21:18,0,,,,,,
36898059540,Mercy Health,mercyhealth.com,mercyhealth.com,https://linkedin.com/company/trinityhealth, +1 734-343-1000,200 Jefferson Avenue Southeast,Grand Rapids,Michigan,49503,United States,Hospital & Health Care,120000,Contact,Greg Zenko,2025-08-20 12:22,2025-07-28 17:54,1,,New,0,,,
9836916343,Mercy,mercy.com,mercy.com,https://linkedin.com/company/mercyhealth-chp, +1 513-686-3300,1701 Mercy Health Place,Cincinnati,Ohio,45237,United States,Hospital & Health Care,5485,Lead,Lisa Israelovitch,2023-12-01 14:03,2022-10-18 16:23,7,1,In Progress,0,,,mercyone.org; mercyhealth.com
10073110200,Mercator.ai,mercator.ai,mercator.ai,https://linkedin.com/company/mercator-ai,,,Calgary,Alberta,,Canada,Construction,10,Lead,,2024-03-07 15:00,2022-11-14 15:24,1,,,0,,,
32138619549,Menlo Ventures,menlovc.com,menlovc.com,https://linkedin.com/company/menlo-ventures,16508548540,2884 Sand Hill Rd,Menlo Park,California,94025,United States,Capital Markets,20,Contact,Josh Buehler,2025-05-09 15:00,2025-04-18 14:32,1,,,0,,,
18161701809,Memorial Sloan Kettering Cancer Center,mskcc.org,mskcc.org,https://linkedin.com/company/memorial-sloan-kettering-cancer-center,16462272089,1275 York Ave,New York,New York,10065,United States,Hospital & Health Care,21000,Contact,Lisa Israelovitch,2024-01-08 14:00,2023-11-20 20:53,1,,New,0,,,
15041518768,Memorial Healthcare System,mhs.net,mhs.net,https://linkedin.com/company/memorial-healthcare-system,19549872000,3501 Johnson Street,Hollywood,Florida,33021,United States,Hospital & Health Care,11013,Contact,Josh Buehler,2023-04-03 20:20,2023-03-09 18:53,6,,New,0,,,
8623248298,Medtronic,medtronic.com,medtronic.com,https://linkedin.com/company/medtronic,35314381700,710 Medtronic Parkway Northeast,Galway,Connacht,H91,Ireland,Medical Devices,95000,,Lisa Israelovitch,2025-11-27 16:00,2022-05-06 22:30,4,,,0,,,
8108688768,MEDTEQ+,medteq.ca,medteq.ca,https://linkedin.com/company/medteq-plus, +1 514-398-0896,,Quebec,Quebec,H3C 3X6,Canada,Medical Devices,45,,Lisa Israelovitch,2026-01-27 6:53,2022-03-05 21:48,11,,,0,,,
15983323284,MedTech Innovator,medtechinnovator.org,medtechinnovator.org,https://linkedin.com/company/medtech-innovator, +1 858-525-1414,907 Westwood Boulevard,Los Angeles,California,90024,United States,Alternative Medicine,30,Contact,Lisa Israelovitch,2023-06-06 20:42,2023-06-06 20:41,1,,,0,,,
10688373784,Medtech Canada,medtechcanada.org,medtechcanada.org,https://linkedin.com/company/medec-canada-s-medical-technology-companies, +1 416-620-1915,405 The West Mall,Etobicoke,Ontario,M9C 5J1,Canada,Medical Devices,30,Contact,,2023-03-12 10:21,2023-01-12 15:48,1,,,0,,,
9801956529,MedStars,medstars.com,medstars.com,https://linkedin.com/company/medstars,6509179254,12133 Foothill Ln,Los Altos,California,94022,United States,"Health, Wellness and Fitness",5,Lead,,2022-10-12 14:00,2022-10-13 8:47,1,,,0,,,
45777778259,MedStar Health,medstarhealth.org,https://www.medstarhealth.org,https://linkedin.com/company/medstar-health,14109332330,10980 Grantchester Way,Columbia,Maryland,21044,United States,Hospital & Health Care,28061,Contact,Lisa Israelovitch,2025-10-14 20:36,2023-10-20 6:57,21,,Connected,0,,,medstar.net
15332196624,medSR,medsr.com,medsr.com,https://linkedin.com/company/medsr,,750 Old Hickory Boulevard,Brentwood,Tennessee,37027,United States,"Health, Wellness and Fitness",150,Contact,,,2023-03-29 14:13,2,,,0,,,
39357100039,Medicus Healthcare Solutions,medicushcs.com,medicushcs.com,https://linkedin.com/company/medicus-healthcare-solutions, +1 855-301-0583,22 Roulston Rd,Windham,New Hampshire,3087,United States,Staffing and Recruiting,450,Contact,,,2025-09-11 13:33,3,,,0,,,
31169729376,Medical University of South Carolina,musc.edu,musc.edu,,,,Charleston,South Carolina,29425,United States,Hospital & Health Care,1848,Lead,Shawn Sefton,2025-09-28 13:48,2025-03-18 13:25,3,,In Progress,0,,,
16232434749,Medical Blossom,medicalblossom.com,medicalblossom.com,,,,,,H3B 3B3,,"Health, Wellness and Fitness",,Contact,Lisa Israelovitch,2023-06-30 14:05,2023-06-26 12:34,1,,,0,,,
9017153917,Medical Alley,medicalalley.org,medicalalley.org,https://linkedin.com/company/medicalalley,9527463819,4150 Olson Memorial Highway,Minneapolis,Minnesota,55422,United States,"Health, Wellness and Fitness",30,,,2023-10-06 6:43,2022-06-29 11:29,1,,,0,,,
16834327938,Mediazain,mediazain.com,mediazain.com,https://linkedin.com/company/mediazain, +212 5225-22057,Boulevard Dammam,Casablanca,Casablanca-Settat,10000,Morocco,Marketing and Advertising,30,Contact,Lisa Israelovitch,,2023-08-04 12:31,1,,,0,,,
15821119799,MEDFAR Solutions Cliniques,medfarsolutions.com,medfarsolutions.com,https://linkedin.com/company/medfar-international,,1224 Rue Stanley,Montreal,Quebec,H3B 1H7,Canada,"Health, Wellness and Fitness",210,Contact,Lisa Israelovitch,2023-05-22 12:49,2023-05-22 12:49,1,,,0,,,
15643571521,Medconam,medconam.com,medconam.com,,,,,,,,,,Contact,Lisa Israelovitch,2023-05-25 9:45,2023-05-03 9:08,1,,,0,,,
10909464438,MedBridge Education,medbridgeed.com,medbridgeed.com,https://www.linkedin.com/company/medbridge-education,12068226116,1633 Westlake Avenue North,Seattle,Washington,98109,United States,Professional Training & Coaching,230,Contact,,,2023-01-23 10:03,0,,,,,,
39363074678,Medaxion,medaxion.com,medaxion.com,https://linkedin.com/company/medaxion, +1 615-349-9590,3810 Bedford Avenue,Nashville,Tennessee,37215,United States,Hospital & Health Care,20,Contact,,,2025-09-11 13:33,4,,,0,,,
41443969674,Med Center Health,medcenterhealth.org,https://medcenterhealth.org,https://linkedin.com/company/med-center-health,12707451470,,Bowling Green,Kentucky,42104,United States,Hospital & Health Care,1000,Contact,Josh Buehler,2025-10-13 17:23,2025-10-13 15:59,1,,New,1,2025-10-13 15:59,Owensboro Health Case Study: OB Case Study Download,
43251525007,Meadville Medical Center,mmchs.org,mmchs.org,https://linkedin.com/company/meadville-medical-center,18143335580,751 Liberty Street,Meadville,Pennsylvania,16335,United States,Hospital & Health Care,1450,Contact,Josh Buehler,,2025-10-30 19:01,1,,,0,,,
39350749448,MD Anderson Cancer Center,mdanderson.org,mdanderson.org,https://linkedin.com/company/mdandersoncancercenter,18776326789,1515 Holcombe Boulevard,Houston,Texas,77030,United States,Hospital & Health Care,21000,Contact,,,2025-09-11 13:33,2,,New,0,,,
8444133176,McGill University Health Centre (MUHC),muhc.mcgill.ca,muhc.mcgill.ca,https://linkedin.com/school/desautelsmcgill, +1 514 398 3000,845 Rue Sherbrooke O,Montreal,Quebec,H3A,Canada,Higher Education,12000,Customer,Lisa Israelovitch,2026-02-06 12:00,2022-04-11 20:37,33,1,,0,,,mail.mcgill.ca; muhc.ca; mcgill.ca
43364774493,MCCNO,mccno.com,mccno.com,https://linkedin.com/company/new-orleans-ernest-n-morial-convention-center,15045823000,900 Convention Center Boulevard,New Orleans,Louisiana,70130,United States,Hospitality,300,Contact,Josh Buehler,,2025-10-30 19:02,1,,,0,,,
18885584540,MB Consulting,mbconsultinghealth.com,mbconsultinghealth.com,,,4119 West Burbank Boulevard,Burbank,California,91505,United States,Alternative Medicine,,Contact,Lisa Israelovitch,2024-02-05 8:58,2024-01-29 19:10,0,,,,,,
35757682792,Mayo Clinic ,mayo.edu,https://www.mayo.edu/,https://www.linkedin.com/company/mayo-clinic/, +1 800-664-4542,200 First St S W,Rochester,MN,85259,United States,Hospital & Health Care,500,Lead,Lisa Israelovitch,2026-01-29 20:25,2023-01-18 9:59,27,,In Progress,0,,,mayoclinic.org
39350363207,Maury Regional Health,mauryregional.com,mauryregional.com,https://linkedin.com/company/maury-regional-medical-center,,1224 Trotwood Avenue,Columbia,Tennessee,38401,United States,Hospital & Health Care,1500,Contact,,,2025-09-10 15:41,1,,New,0,,,
15539739280,Matter Chicago,matter.health,matter.health,https://linkedin.com/company/matter-chicago,16155702330,222 West Merchandise Mart Plaza,Chicago,Illinois,60654,United States,Hospital & Health Care,30,Contact,,2023-05-09 22:34,2023-04-23 10:32,1,,,0,,,
45777963856,Massachusetts General Hospital,massgeneral.org,https://www.massgeneral.org/,https://linkedin.com/company/massachusetts-general-hospital,16177268133,55 Fruit Street,Boston,Massachusetts,2114,United States,Hospital & Health Care,25000,Opportunity,Lisa Israelovitch,2025-05-10 13:00,2022-09-21 16:10,16,1,New,0,,,mgh.harvard.edu
9978711902,Mass General Brigham,massgeneralbrigham.org,https://www.massgeneralbrigham.org/,https://www.linkedin.com/company/mass-general-brigham, +1 857-282-2348,399 Revolution Drive,Somerville,MA,2145,United States,Hospital & Health Care,10000,Contact,Lisa Israelovitch,2026-02-10 8:11,2022-11-04 14:41,9,,New,0,,,
39369895320,Mary Greeley Medical Center,mgmc.com,mgmc.com,,15152392680,,,,,,,,Contact,,,2025-09-11 13:33,1,,,0,,,
26128606468,Mary Free Bed Rehabilitation Hospital,maryfreebed.com,maryfreebed.com,https://linkedin.com/company/mary-free-bed-rehabilitation-hospital,,235 Wealthy Street Southeast,Grand Rapids,Michigan,49503,United States,Hospital & Health Care,1750,Unqualified,Lisa Israelovitch,2025-02-14 15:38,2024-11-19 20:27,1,,,0,,,
16448685330,MaRS Discovery District,marsdd.com,marsdd.com,https://linkedin.com/company/mars-discovery-district,4166738100,101 College St,Toronto,Ontario,M5G,Canada,Research,390,Contact,Lisa Israelovitch,2023-08-08 12:13,2023-07-13 18:36,1,,,0,,,
10915344977,Marriott International,marriott.com,marriott.com,https://linkedin.com/company/marriott-international,13013803000,10400 Fernwood Road,Bethesda,Maryland,20814,United States,Hospitality,418000,Contact,,,2023-01-23 19:25,0,,,,,,
10916752191,Marriot Springhill Suites,marriot.com,marriot.com,https://www.linkedin.com/company/marriott-international,15205738000,863 South Broadway,Lexington,Kentucky,40504,United States,Hospitality,100000,Contact,,,2023-01-23 19:35,1,,,0,,,
50164948664,Mark TEST Company,example.com,example.com,NA,,,,,,,Hospital & Health Care,,Opportunity,Mark Kelly,,2026-01-29 15:03,0,1,,,,,
49823842346,MarinHealth Medical Center (FKA Marin General Hospital),mymarinhealth.org,mymarinhealth.org,,,,,,,,,,Contact,,,2026-01-26 18:09,0,,New,,,,
9754407486,Manhattan Strategies,manhattanstrategies.com,manhattanstrategies.com,https://www.linkedin.com/company/manhattan-strategies,12015008639,345 7th Avenue,New York,New York,10001,United States,Professional Training & Coaching,11,Lead,,2023-05-08 9:51,2022-10-06 17:06,3,,,0,,,
15760934745,Manchester University NHS Foundation Trust,mft.nhs.uk,mft.nhs.uk,https://linkedin.com/company/manchester-royal-eye-hospital,441617012707,PROFESSOR CHARLES A C,Manchester,England,M13 9WL,United Kingdom,Hospital & Health Care,28479,Contact,Lisa Israelovitch,2023-05-16 11:02,2023-05-16 10:56,1,,,0,,,
42879226244,Mammoth Hospital,mammothhospital.com,mammothhospital.com,https://linkedin.com/company/mammoth-hospital,,85 Sierra Park Road,Mammoth Lakes,California,93546,United States,Hospital & Health Care,420,Contact,Josh Buehler,,2025-10-27 11:46,1,,,0,,,
8879385660,Maisha Labs,maisha-labs.com,maisha-labs.com,https://linkedin.com/company/maisha-labs,,,Tel Aviv,Tel Aviv District,,Israel,Professional Training & Coaching,30,,,2022-07-04 14:51,2022-06-08 20:27,1,,,0,,,
17721891584,Mainsail Partners,mainsailpartners.com,mainsailpartners.com,https://linkedin.com/company/mainsail-partners,15127722260,1 Front St,San Francisco,California,94111,United States,Venture Capital & Private Equity,97,Contact,Lisa Israelovitch,2025-01-13 15:00,2023-10-18 13:51,2,,,0,,,
9630054209,MainQC,mainqc.com,mainqc.com,https://linkedin.com/company/mainqc,,51 Rue Sherbrooke Ouest,Montreal,Quebec,H2X 1X2,Canada,Information Technology and Services,30,Lead,,,2022-09-20 15:11,2,,,0,,,
35552045404,Mainline Health System,mainlinehealth.org,https://mlhs.org,https://linkedin.com/company/main-line-health,14845804163,130 South Bryn Mawr Avenue,Monticello,AR,19010,United States,Hospital & Health Care,10000,Contact,Greg Zenko,2025-07-28 19:58,2025-06-30 14:02,2,,New,0,,,mlhs.org
39366794642,MaineHealth,mainehealth.org,mainehealth.org,https://linkedin.com/company/mainehealth,18668042499,300 Professional Dr,Scarborough,Maine,4074,United States,Hospital & Health Care,23000,Opportunity,Lisa Israelovitch,2026-01-25 14:39,2025-09-11 13:33,12,1,Connected,0,,,
17745839244,Maimonides Medical Center,maimonidesmed.org,maimonidesmed.org,https://linkedin.com/company/maimonides-medical-center,17182836000,4802 10th Ave,Brooklyn,New York,11219,United States,Hospital & Health Care,3500,Contact,Lisa Israelovitch,2023-10-24 13:40,2023-10-20 6:57,3,,New,0,,,maimo.org
49759886996,Mahaska Health Partnership (FKA Mahaska County Hospital),mahaskahealth.org,mahaskahealth.org,,,,,,,,,,Contact,,,2026-01-26 18:09,0,,New,,,,
49780171191,Madison Regional Health (FKA Madison Community Hospital),madisonregionalhealth.org,madisonregionalhealth.org,,,,,,,,,,Contact,,,2026-01-26 18:09,0,,New,,,,
49780171192,Madison Medical Center,madisonmedicalcenter.net,madisonmedicalcenter.net,,,,,,,,,,Contact,,,2026-01-26 18:09,0,,New,,,,
10801762637,Made In Ca Magazine,madeincamagazine.ca,madeincamagazine.ca,,,,,,,Canada,,,Contact,,2023-01-16 20:06,2023-01-16 9:38,1,,,0,,,
17062745239,M33 Growth,m33growth.com,m33growth.com,https://linkedin.com/company/m33-growth,6174104100,888 Boylston Street,Boston,Massachusetts,2116,United States,Venture Capital & Private Equity,30,Contact,Lisa Israelovitch,2023-09-18 13:00,2023-08-22 14:25,1,,,0,,,
30408465975,M Health Fairview,mhealthfairview.org,mhealthfairview.org,https://linkedin.com/company/m-health-fairview,,830 Prairie Center Drive,Eden Prairie,Minnesota,55344,United States,Hospital & Health Care,34000,Contact,Lisa Israelovitch,,2025-02-26 10:21,2,,New,0,,,
8576963175,Lynx.MD,lynx.md,lynx.md,https://linkedin.com/company/lynx-md,,550 California Avenue,Palo Alto,California,94306,United States,"Health, Wellness and Fitness",30,,,,2022-05-01 23:32,1,,,0,,,
9498115845,Luminis Health,luminishealth.org,luminishealth.org,https://linkedin.com/company/luminishealth, +1 443-951-4270,2001 Medical Pkwy,Annapolis,Maryland,21412,United States,Hospital & Health Care,3500,Lead,Howard Fried (Deactivated User),2022-10-20 8:30,2022-08-31 11:52,2,,,0,,,aahs.org
49777536921,Lucien ASC,lucienasc.com,https://lucienasc.com,,13213213935,236 Lake Link Road,Winter Haven,Florida,33884,United States,Hospital & Health Care,1,Contact,,,2026-01-27 14:35,1,,,1,2026-01-27 14:35,Request a demo: Demo Request,
9919235611,LRVHealth,lrvhealth.com,lrvhealth.com,https://www.linkedin.com/company/lrvhealth,,50 Milk Street,Boston,Massachusetts,2109,United States,Capital Markets,30,Lead,,2023-05-31 22:00,2022-10-27 14:25,1,,,0,,,
46812404759,LPITSolutions News,lpitsolutions.com,lpitsolutions.com,https://linkedin.com/company/lpit-solutions-inc,16166322222,25 Commerce Avenue Southwest,Grand Rapids,Michigan,49503,United States,Information Technology and Services,5,Contact,,,2025-12-08 20:04,1,,,0,,,
44072242179,LPF Management,lpfpmgt.com,lpfpmgt.com,,,,,,,,,,Contact,,,2025-11-06 14:19,1,,,0,,,
17784958259,Loyola University Health System,loyolamedicine.org,luhs.org,https://linkedin.com/company/loyola-medicine,,2160 South 1st Avenue,Maywood,Illinois,60153,United States,Hospital & Health Care,1750,Contact,Michael Stamatinos (Deactivated User),2024-01-02 14:15,2023-10-24 10:59,3,,New,0,,,luhs.org
46923056195,Louisiana Hospital Association,lhaonline.org,lhaonline.org,https://linkedin.com/company/louisiana-hospital-association,,9521 Brookline Avenue,Baton Rouge,Louisiana,70809,United States,Hospital & Health Care,60,Contact,,,2025-12-09 14:23,1,,,0,,,
30418042465,Long Island Jewish Medical Center - Northwell Health,lij.northwell.edu,lij.northwell.edu,,,,,,,,,,Contact,Lisa Israelovitch,,2025-02-26 10:21,1,,New,,,,
37335136692,LoneTree,lonetreecap.com,lonetreecap.com,https://linkedin.com/company/lonetree-capital,,330 Madison Avenue,New York,New York,10017,United States,Venture Capital & Private Equity,15,Contact,Josh Buehler,,2025-08-06 9:57,1,,,0,,,
15383949956,London Health Sciences Centre,lhsc.on.ca,lhsc.on.ca,https://linkedin.com/company/london-health-sciences-centre, +1 519 685 8500,800 Commissioners Road East,London,Ontario,N6A 5W9,Canada,Hospital & Health Care,4750,Contact,Lisa Israelovitch,2024-09-05 14:00,2023-04-04 15:44,4,,,0,,,
36908077639,Loma Linda University Health,lluh.org,lluh.org,https://linkedin.com/company/loma-linda-university-health,,11234 Anderson Street,Loma Linda,California,92354,United States,Hospital & Health Care,1750,Contact,Greg Zenko,2025-07-28 19:52,2025-07-28 19:51,5,,New,0,,,llu.edu
16707393801,Livingston Communication,livingstoncontent.com,livingstoncontent.com,https://linkedin.com/company/livingston-communication-inc,1 (651) 628-9142,,,MN,,United States,Professional Training & Coaching,5,Contact,Lisa Israelovitch,2023-08-09 14:53,2023-07-25 21:47,1,,,0,,,
30408838928,Lincoln Surgical Hospital and Nebraska Surgery Center,lincolnsurgery.com,https://lincolnsurgery.com,https://linkedin.com/company/lincoln-surgical-hospital,14024849090,1710 South 70th Street,Lincoln,Nebraska,68506,United States,Hospital & Health Care,232,Contact,Lisa Israelovitch,,2025-02-26 10:21,3,,New,0,,,nebraskasurgery.com
30409232932,Lima Memorial Health System,limamemorial.org,limamemorial.org,https://linkedin.com/company/lima-memorial-health-system,14192283335,1001 Bellefontaine Avenue,Lima,Ohio,45804,United States,Hospital & Health Care,1500,Contact,Lisa Israelovitch,,2025-02-26 10:21,1,,New,0,,,
17824895094,LifePoint Health,lpnt.net,lpnt.net,https://www.linkedin.com/company/vaughan-regional-medical-ctr,16159207660,1114 W Madison Ave.,Athens,TN,37303,United States,Hospital & Health Care,10,Contact,Lisa Israelovitch,2026-02-06 12:01,2023-10-26 20:09,6,,New,0,,,lifepointhealth.net
17745895322,LifeBridge Health,lifebridgehealth.org,lifebridgehealth.org,https://linkedin.com/company/lifebridge-health, +1 410-601-8900,2401 West Belvedere Avenue,Baltimore,Maryland,21215,United States,Hospital & Health Care,7000,Contact,Lisa Israelovitch,2023-11-08 12:22,2023-10-20 6:57,1,,New,0,,,
49753388801,Licking Memorial Health Systems,lmhealth.org,lmhealth.org,,,,,,,,,,Contact,,,2026-01-26 18:09,0,,New,,,,
49783719576,LHC Group,lhcgroup.com,https://lhcgroup.com,https://linkedin.com/company/lhc-group,13372331307,901 Hugh Wallis Road South,Lafayette,Louisiana,70508,United States,Hospital & Health Care,30000,Contact,,,2026-01-26 18:09,0,,New,,,,
8814404623,Leyton UK,leyton.com,leyton.com,https://linkedin.com/company/leyton,16177650990,146 Bureaux de la Colline,Saint-Cloud,Ile-de-France,92210,France,Management Consulting,3000,,,,2022-05-30 17:42,1,,,0,,,
49828396818,Levi Hospital (AKA Leo N Levi National Arthritis Hospital),levihospital.com,levihospital.com,,,,,,,,,,Contact,,,2026-01-26 18:09,0,,New,,,,
15506668289,Level Equity,levelequity.com,levelequity.com,https://linkedin.com/company/level-equity,12126602470,140 East 45th Street,New York,New York,10017,United States,Venture Capital & Private Equity,59,Contact,,2024-06-03 13:25,2023-04-19 11:33,1,,,0,,,
8794887587,LEVA CAPITAL,levacapital.ca,levacapital.ca,,14169003581,,,,,Canada,Venture Capital & Private Equity,5,,,2022-09-08 9:04,2022-05-26 18:36,3,,,0,,,
30002636389,Lehigh Valley Health Network,lvhn.org,lvhn.org,https://linkedin.com/company/lehigh-valley-hospital, +1 484-884-3185,,Allentown,Pennsylvania,18195,United States,Hospital & Health Care,9250,Lead,Shawn Sefton,2025-05-19 10:38,2025-02-16 12:00,5,,In Progress,0,,,
30408823636,Leap Rail,leaprail.com,https://www.leaprail.com,https://linkedin.com/company/leap-rail,18558325327,1213 West Loop North Freeway,Houston,Texas,77055,United States,Hospital & Health Care,5,Contact,Lisa Israelovitch,,2025-02-26 10:21,1,,,0,,,
30418063403,LeanTaaS,hospiq.com,hospiq.com,https://linkedin.com/company/hospital-iq,,320 Nevada Street,Newtonville,Massachusetts,2460,United States,Hospital & Health Care,320,Contact,Lisa Israelovitch,,2025-02-26 10:21,1,,,0,,,
9006612239,Le Chiffre,lechiffre.ca,lechiffre.ca,https://linkedin.com/company/le-chiffre, +1 514 612 1745,1751 Rue Richardson,Montreal,Quebec,H3K 1G6,Canada,Accounting,50,,,2022-07-11 9:51,2022-06-28 9:02,2,,,0,,,
45538199637,Le Bonheur Children's Hospital,lebonheur.org,lebonheur.org,https://linkedin.com/company/lebonheurchildrens,,848 Adams Avenue,Memphis,Tennessee,38103,United States,Hospital & Health Care,1750,Contact,Steve Kittleson,2025-11-22 14:33,2025-11-22 14:49,1,,,0,,,
16195826451,LDV Capital,ldv.co,ldv.co,https://linkedin.com/company/ldv-capital, +1 566-235-3064,111 East 14th Street,New York,New York,10001,United States,Venture Capital & Private Equity,10,Contact,Lisa Israelovitch,2023-07-06 17:31,2023-06-22 13:11,2,,,0,,,
39365714252,LCMC Health,lcmchealth.org,lcmchealth.org,https://linkedin.com/company/lcmchealth,15047024862,200 Henry Clay Ave,New Orleans,Louisiana,70118,United States,Hospital & Health Care,9368,Contact,,,2025-09-11 13:33,1,,New,0,,,
49780635759,Lawrence General Hospital System,mhlawrencehospital.org,mhlawrencehospital.org,,,,,,,,,,Contact,,,2026-01-26 18:09,0,,New,,,,
49780326002,Lane Regional Medical Center,lanermc.org,lanermc.org,,,,,,,,,,Contact,,,2026-01-26 18:09,0,,New,,,,
42703297701,Lakewood Health System,lakewoodhealthsystem.com,lakewoodhealthsystem.com,https://linkedin.com/company/lakewood-health-system,,49725 County Road 83,Staples,Minnesota,56479,United States,Hospital & Health Care,540,Contact,Josh Buehler,,2025-10-27 11:46,1,,New,0,,,
42695247989,Lakeview Surgery Center,lakeviewsurgerycenter.com,lakeviewsurgerycenter.com,https://linkedin.com/company/lakeview-surgery-center,15152735240,1750 60th Street,West Des Moines,Iowa,50266,United States,Hospital & Health Care,42,Contact,Josh Buehler,,2025-10-27 11:46,2,,,0,,,
45547997291,Lahey Hospital & Medical Center,lahey.org,lahey.org,https://linkedin.com/company/lahey-hospital,17817445100,Mall Rd,Burlington,Massachusetts,1805,United States,Hospital & Health Care,5000,Contact,Lisa Israelovitch,2025-12-18 14:51,2025-11-22 14:47,2,,,0,,,
30417851918,Lacroix private surgery,cliniquesmedicaleslacroix.com,cliniquesmedicaleslacroix.com,https://linkedin.com/company/cliniques-medicales-lacroix,,1000 Chemin Sainte-Foy,Quebec,Quebec,G1S 2L6,Canada,Hospital & Health Care,60,Contact,Lisa Israelovitch,,2025-02-26 10:21,1,,New,0,,,
8682315949,L'École de design Nantes Atlantique,lecolededesign.com,lecolededesign.com,https://www.linkedin.com/company/ecole-de-design-nantes-atlantique, +33 2 51 13 50 70,Rue Christian Pauc,Nantes,Pays de la Loire,44300,France,Design,400,,Lisa Israelovitch,2023-10-10 21:04,2022-05-12 14:29,2,,,0,,,
39370513770,Krewe Anesthesia,kreweanesthesia.com,kreweanesthesia.com,https://linkedin.com/company/krewe-anesthesia,19854389589,3915 North Arnoult Road,Metairie,Louisiana,70002,United States,Hospital & Health Care,30,Contact,,,2025-09-11 13:33,1,,,0,,,
9705333904,Kreative Ventures,kreativ-ventures.net,kreativ-ventures.net,,16302485296,700 North Sacramento Boulevard,Chicago,Illinois,60612,United States,Consumer Services,,Lead,,2025-01-22 16:00,2022-09-30 14:17,1,,,0,,,
34453671190,KPMG,kpmg.com,kpmg.com,https://linkedin.com/company/kpmg, +1 201-307-7155,333 Bay Street,Toronto,Ontario,M5H 2S5,Canada,Accounting,235813,Contact,Lisa Israelovitch,2025-08-29 11:30,2025-05-29 17:43,7,,,0,,,
30401006373,King Faisal Specialist Hospital & Research Centre,kfshrc.edu.sa,https://kfshrc.edu.sa,https://linkedin.com/company/kfshrc,966114647272,,Riyadh,Riyadh Region,,Saudi Arabia,Hospital & Health Care,3,Contact,Lisa Israelovitch,,2025-02-26 10:21,3,,New,,,,
8924542027,KIAI Conseils RH,kiaiconseilsrh.com,kiaiconseilsrh.com,https://linkedin.com/company/ki-ai-conseils-rh-inc, +1 514-206-8454,95 Rue Saint-Laurent Ouest,Longueuil,Quebec,J4H 1L9,Canada,Human Resources,5,,,2023-05-31 15:30,2022-06-15 17:01,1,,,0,,,
15970626459,Ki3 Photonics,ki3photonics.com,ki3photonics.com,https://linkedin.com/company/ki3-photonics-technologies-inc,,2547 Rue Sicard,Montreal,Quebec,H1V 2Y8,Canada,,5,Contact,Lisa Israelovitch,2023-06-20 11:00,2023-06-05 17:42,1,,,0,,,
50931959147,KapiolaniMedCenter,kapiolani.org,kapiolani.org,,,,Honolulu,Hawaii,,United States,,10,Contact,,,2026-02-10 7:57,1,,,1,2026-02-10 7:57,Learn more about AssistIQ and enter to win an Oura Ring: Demo Request,
9034648104,Kaleida Health,kaleidahealth.org,kaleidahealth.org,https://www.linkedin.com/company/kaleida-health, +1 716-859-5600,100 High St,Buffalo,NY,14203,United States,Hospital & Health Care,10000,,Lisa Israelovitch,2023-12-20 9:00,2022-07-01 11:26,29,,,0,,,
42848511667,Kaiser Permanente Washington Health Research Institute,kpwashingtonresearch.org,kpwashingtonresearch.org,https://linkedin.com/company/kaiserpermanentewashingtonresearch, +1 510-271-5940,1730 Minor Avenue,Seattle,Washington,98101,United States,"Health, Wellness and Fitness",300,Contact,Josh Buehler,,2025-10-27 8:00,10,,New,0,,,
15706735115,Kaiser Permanente,kp.org,kp.org,https://linkedin.com/company/kaiser-permanente, +1 510-271-5940,9800 S E Sunnyside Rd,Oakland,California,94612,United States,Hospital & Health Care,89460,Contact,Lisa Israelovitch,2023-05-11 20:10,2023-05-10 12:11,26,,New,2,2025-10-29 15:10,Coffee at Beckers: Pitchers - 2025,kaiserpermanente.org
50076894863,KAFKA - Digital Signage Solutions,kafka.com,kafka.com,https://linkedin.com/company/kafka-ltda,,,Bogota,Distrito Capital de Bogota,,Colombia,Information Technology and Services,3,Contact,Lisa Israelovitch,2026-02-04 11:10,2026-01-28 9:32,1,,,0,,,
46922746888,Jupiter Medical Center,jupitermed.com,jupitermed.com,https://linkedin.com/company/jupiter-medical-center, +1 561-744-4470,1210 South Old Dixie Highway,Jupiter,Florida,33458,United States,Hospital & Health Care,1750,Contact,,,2025-12-09 14:23,1,,,0,,,
10707679863,JPMorgan Chase,jpmchase.com,jpmchase.com,https://linkedin.com/company/jpmorganchase,18006341969,383 Madison Avenue,New York,New York,10017,United States,Banking,288474,Contact,,,2023-01-12 22:26,3,,,0,,,
49743911708,Johnson Memorial Health Services (FKA Johnson Memorial Hospital),jmhsmn.org,jmhsmn.org,,,,,,,,,,Contact,,,2026-01-26 18:09,0,,New,,,,
15358099281,Johnson & Johnson,its.jnj.com,its.jnj.com,https://linkedin.com/company/johnson,17325240400,Johnson And Johnson Plaza,New Brunswick,New Jersey,8933,United States,Pharmaceuticals,144300,Contact,Lisa Israelovitch,2024-08-09 11:15,2023-04-01 10:15,6,,,0,,,
39366020679,Johns Hopkins University,jhu.edu,jhu.edu,https://linkedin.com/school/johns-hopkins-university,14105168000,3400 North Charles Street,Baltimore,Maryland,21218,United States,Higher Education,12000,Contact,,2025-08-20 14:54,2025-09-11 13:33,2,,New,0,,,jhmi.edu
49748588919,Johns Hopkins Medicine,hopkinsmedicine.org,hopkinsmedicine.org,,,,,,,,,,Contact,,,2026-01-26 18:09,0,,New,,,,
8108288912,Jewish General Hospital (Mcgill University),jgh.mcgill.ca,jgh.mcgill.ca,https://linkedin.com/school/desautelsmcgill, +1 514 398 3000,845 Rue Sherbrooke O,Montreal,Quebec,H3A,Canada,Higher Education,12000,,Lisa Israelovitch,2023-09-26 5:53,2022-03-05 21:51,2,,,0,,,jgh.ca
13028099239,JAPR,japrtech.com,japrtech.com,https://linkedin.com/company/japrtech,,,Toronto,Ontario,,Canada,Information Technology and Services,10,Contact,,2023-02-15 16:01,2023-02-13 9:07,1,,,0,,,
49828241994,Jacobson Memorial Hospital & Care Center,jacobsonhospital.org,jacobsonhospital.org,,,,,,,,,,Contact,,,2026-01-26 18:09,0,,New,,,,
39365247575,Jackson North Medical Center,jhsmiami.org,jhsmiami.org,, +1 305-651-1100,160 Northwest 170th Street,Miami,Florida,33169,United States,Hospital & Health Care,37000,Contact,Lisa Israelovitch,2025-09-27 11:24,2025-09-11 13:33,1,,,0,,,
49769127196,Jackson Hospital,jackson.org,jackson.org,,,,,,,,,,Contact,,,2026-01-26 18:09,0,,New,,,,
15650690148,J.P. Morgan & Co.,jpmorgan.com,jpmorgan.com,https://linkedin.com/company/jpmorgan, +1 212-270-6000,245 Park Avenue,New York,New York,10029,United States,Banking,271025,Contact,Lisa Israelovitch,2025-07-28 11:30,2023-05-03 19:04,2,,,0,,,
8777539092,IU Health,iuhealth.org,iuhealth.org,https://linkedin.com/company/indiana-university-health,13179631661,3635 Tallwood Ln.,Greenwood,IN,46143,United States,Hospital & Health Care,38474,Contact,Greg Zenko,2026-02-06 12:12,2022-05-24 16:56,6,,New,0,,,
42743734330,InVita Healthcare Technologies,invitahealth.com,invitahealth.com,https://linkedin.com/company/invita-healthcare-technologies, +1 310-392-1400,180 West Ostend Street,Baltimore,Maryland,21230,United States,"Health, Wellness and Fitness",121,Contact,Lisa Israelovitch,2025-12-03 15:00,2025-10-27 20:59,3,,,0,,,
8691859050,InvestissementQuébec,invest-quebec.com,invest-quebec.com,https://www.linkedin.com/company/investissement-quebec,,600 Rue De La Gauchetière Ouest,Montréal,Québec,H3B 4L2,Canada,Financial Services,5000,,Lisa Israelovitch,2026-02-05 10:15,2022-05-13 16:13,6,,,0,,,
39368797972,Intuitive,intusurg.com,intusurg.com,https://linkedin.com/company/intuitivesurgical, +1 408-523-2100,,,California,,United States,,9793,Contact,,,2025-09-11 13:33,2,,,0,,,
18101175872,Intermountain Healthcare,intermountainhealthcare.org,https://intermountainhealthcare.org/,https://linkedin.com/company/intermountain-healthcare,4356761261,36 State Street,Salt Lake City,Utah,84111,United States,Hospital & Health Care,64000,Opportunity,Lisa Israelovitch,2026-02-10 14:55,2023-11-15 22:05,25,1,Open Deal,0,,,imail.org
15960513682,Intercom,org-chart-44924e9daaa8.intercom-mail.com,org-chart-44924e9daaa8.intercom-mail.com,https://www.linkedin.com/company/intercom, +1 916-747-6355,55 2nd Street,San Francisco,CA,94105,United States,Professional Training & Coaching,5000,Contact,Lisa Israelovitch,,2023-06-04 17:07,1,,,0,,,
10147154945,Intel,intel.com,intel.com,https://linkedin.com/company/intel-corporation, +1 408-765-8080,2200 Mission College Boulevard,Santa Clara,California,95054,United States,Semiconductors,121100,Lead,,,2022-11-21 17:18,1,,,0,,,
38710858345,Integrity Power Search,integritypowersearch.com,integritypowersearch.com,https://linkedin.com/company/integrity-power-search,,,,,,United States,Computer Software,45,Contact,Josh Buehler,2026-02-10 9:52,2025-08-26 13:54,5,,,0,,,
15965592582,Integrity Management Advisors,imallc.com,imallc.com,,16177774099,,,,1748,,Management Consulting,,Contact,Lisa Israelovitch,2025-05-05 9:30,2023-06-05 8:49,1,,,0,,,
16045377642,Integrated Media Group,growwithimg.com,growwithimg.com,https://linkedin.com/company/integrated-media-group, +1 855-511-9100,1145 Reservoir Avenue,Cranston,Rhode Island,2920,United States,Marketing and Advertising,30,Contact,,,2023-06-12 14:10,1,,,0,,,
41885306180,Integrated Healthcare Associates (IHA) - Trinity ,ihacares.com,ihacares.com,https://linkedin.com/company/integrated-health-associates,,24 Frank Lloyd Wright Drive,Ann Arbor,Michigan,48105,United States,Hospital & Health Care,2250,Contact,Lisa Israelovitch,2025-09-14 8:20,2025-10-16 13:47,1,,New,0,,,
9135058567,Intagleo Systems,intagleo.com,intagleo.info,https://linkedin.com/company/intagleo-systems, +1 408-469-4384,268 Bath Road,Slough,England,SL1 4DX,United Kingdom,Information Technology and Services,110,,,,2022-07-14 17:20,1,,,0,,,intagleo.info
9636432767,Insight Partners,insightpartners.com,insightpartners.com,https://linkedin.com/company/insight--partners, +1 212-230-9200,1114 6th Avenue,New York,New York,10036,United States,Venture Capital & Private Equity,326,Opportunity,Lisa Israelovitch,2026-01-27 9:35,2022-09-21 8:02,7,1,,0,,,
45865692498,Inovia Capital,inoviacapital.com,inoviacapital.com,https://www.linkedin.com/company/inovia-capital,15143349688,3 Place Ville Marie,Montreal,Quebec,H3B 2E3,Canada,Venture Capital & Private Equity,200,Opportunity,Lisa Israelovitch,2025-02-06 10:00,2023-11-06 21:56,2,1,,0,,,inovia.vc
16870150728,Inovatek,inovatek.net,inovatek.net,https://linkedin.com/company/inovatek-canada,18003568933,,,,10018,,Consumer Services,,Contact,Lisa Israelovitch,,2023-08-07 12:59,0,,,,,,
44066590239,Inova Surgery Center - Loudoun,loudounsc.com,loudounsc.com,,15712096465,,,,,,,,Contact,,,2025-11-06 14:19,1,,,0,,,
35611098530,Inova Health System,inova.org,https://www.inova.org/,https://www.linkedin.com/company/inova-fairfax-hospital, +1 703-205-2165,3300 Gallows Road,Falls Church,VA,,United States,Hospital & Health Care,50000,Opportunity,Lisa Israelovitch,2026-01-23 9:07,2025-02-16 12:00,25,1,Open Deal,0,,,
30409402930,Inova Ambulatory Surgery Center,,https://www.inova.org,https://linkedin.com/company/inova-fairfax-hospital,18662566372,,Falls Church,Virginia,,United States,Hospital & Health Care,17396,Opportunity,Lisa Israelovitch,2025-07-10 8:42,2025-02-26 10:21,1,1,New,,,,
8112239751,Innovitech,innovitech.com,innovitech.com,https://linkedin.com/company/innovitech,5143989772,740 Rue Notre-Dame Ouest,Montreal,Quebec,H3C 3X6,Canada,Information Technology and Services,75,,,2023-03-26 10:58,2022-03-05 21:48,6,,,0,,,
30408021519,Innovative Cultures Consulting,innovative-cultures.com,https://innovative-cultures.com,,15108381962,,,,,,Hospital & Health Care,,Contact,Lisa Israelovitch,,2025-02-26 10:21,1,,,1,2025-03-02 12:51,"2025 ORBM Webinar Registration: New form (February 10, 2025 1:45:09 PM EST)",
50827322220,Innovation,ised-isde.gc.ca,ised-isde.gc.ca,https://linkedin.com/company/innovation-science-and-economic-development-innovation-sciences-et-d,18669971936,,,,,Canada,,3,Contact,Lisa Israelovitch,2026-02-10 9:08,2026-02-08 22:04,1,,,0,,,
16076869022,Innospark Ventures,innospark.vc,innospark.vc,https://linkedin.com/company/innosparkventures,16176814900,,Boston,Massachusetts,2212,United States,Venture Capital & Private Equity,13,Contact,Lisa Israelovitch,2025-02-21 13:00,2023-06-14 19:07,2,,,0,,,
10079087367,InHealth Ventures,inhealth.vc,inhealth.vc,https://linkedin.com/company/inhealth-ventures-limited,,Buckingham Palace Road,City of Westminster,England,SW1W 9SR,United Kingdom,Venture Capital & Private Equity,5,Lead,,2022-11-24 4:30,2022-11-15 8:17,1,,,0,,,
30419957306,Infinity Medical Managment,cms.gov,https://www.cms.gov,https://linkedin.com/company/centers-for-medicare, +1 202-690-6145,7500 Security Blvd,Windsor Mill,Maryland,21244,United States,Government Administration,4100,Contact,Lisa Israelovitch,,2025-02-26 10:21,1,,New,,,,
9958826756,IndiWork,indiwork.com,indiwork.com,https://linkedin.com/company/indiwork-software-solutions-pvt.-limited,,650 West Grand Avenue,Elmhurst,Illinois,60126,United States,Information Technology and Services,60,Lead,,2022-11-08 23:30,2022-11-02 13:23,1,,,0,,,
9840441401,Indicator Ventures,indicatorventures.com,indicatorventures.com,https://linkedin.com/company/indicator-ventures,,27 West 20th Street,New York,New York,10011,United States,Venture Capital & Private Equity,20,Lead,,2022-10-27 10:26,2022-10-18 22:06,2,,,0,,,
9493824569,Indiana University–Purdue University Indianapolis,iupui.edu,iupui.edu,https://linkedin.com/company/iupui,13172744591,420 University Boulevard,Indianapolis,Indiana,46202,United States,Higher Education,3500,Lead,,2022-09-23 10:52,2022-08-30 19:11,1,,In Progress,0,,,
8777438329,Indiana University,iu.edu,iu.edu,https://linkedin.com/school/indiana-university-school-of-medicine,13172744591,1020 E Kirkwood Ave,Indianapolis,Indiana,46262,United States,Higher Education,8733,Contact,,2022-10-28 8:00,2022-05-24 16:56,2,1,New,0,,,
39351912269,Indiana Regional Medical Center,indianarmc.org,indianarmc.org,https://linkedin.com/company/indiana-regional-medical-center,,835 Hospital Road,Indiana,Pennsylvania,15701,United States,,3500,Contact,Josh Buehler,,2025-09-10 15:41,2,,New,0,,,
30409402931,Independent Consultant,waltermagiera.com,https://waltermagiera.com,,,1010 6th Avenue,New York,New York,10018,United States,Management Consulting,,Contact,Lisa Israelovitch,,2025-02-26 10:21,1,,,0,,,
46800357965,Incision,incision.care,incision.care,https://linkedin.com/company/incision-group,,63 Mauritskade,Amsterdam,Provincie Noord-Holland,1092 AD,The Netherlands,"Health, Wellness and Fitness",150,Contact,,,2025-12-08 20:04,1,,,0,,,
16198769415,In The Media,inthemedia.org,inthemedia.org,,,,,,,,,,Contact,Lisa Israelovitch,,2023-06-22 16:01,1,,,0,,,
49752458643,Illinois Department of Human Services,state.il.us,state.il.us,,,,,,,,,,Contact,,,2026-01-26 18:09,0,,New,,,,
39365171816,IHES,ihesllc.com,ihesllc.com,,,101 Hampsted Lane,Franklin,Tennessee,37069,United States,Hospital & Health Care,,Contact,Lisa Israelovitch,2025-11-13 10:52,2025-09-10 15:41,1,,,0,,,
9640385098,Icahn School of Medicine at Mount Sinai,mssm.edu,mssm.edu,https://linkedin.com/school/icahnmountsinai,12122417091,1 Gustave L. Levy Place,New York,New York,10029,United States,Hospital & Health Care,6000,Lead,,2025-07-08 12:17,2022-09-21 15:28,2,,,0,,,
9725446242,iA7,ia7.ca,ia7.ca,https://linkedin.com/company/ia7,,,,,,Canada,Market Research,10,Lead,,2022-10-25 18:57,2022-10-03 17:35,1,,,0,,,
14973754720,i4 Capital,i4capital.vc,i4capital.vc,https://linkedin.com/company/i4-capital,14186416210,,,,,,Venture Capital & Private Equity,6,Contact,,,2023-03-06 14:33,1,,,0,,,
16913290566,Hypergen,hypergenioteam.com,hypergenioteam.com,https://www.linkedin.com/company/hypernova-ltd,,,Sofia,Sofia City Province,,Bulgaria,,50,Contact,Lisa Israelovitch,,2023-08-10 13:25,0,,,,,,
45364533428,Hypercare,hypercare.com,hypercare.com,https://linkedin.com/company/hypercare, +1 877-379-3533,,Toronto,Ontario,M5G 1L5,Canada,Hospital & Health Care,30,Contact,Lisa Israelovitch,2023-03-14 13:45,2023-02-07 19:20,2,,,0,,,hypercare.ca
43403874866,Huntsville Hospital Health System,hh.health,https://hh.health,,12562651000,5881 Green Valley Circle,Culver City,California,90230,United States,Hospital & Health Care,20000,Contact,,,2025-10-30 21:47,1,,New,,,,hhsys.org
39355938197,Huntsville Hospital,hhsys.org,hhsys.org,,12562657777,,,Alabama,,United States,,,Contact,,,2025-09-10 15:41,1,,,0,,,
42698809102,Huntington Health,huntingtonhealth.org,huntingtonhealth.org,,16263975000,100 West California Boulevard,Pasadena,California,91105,United States,Hospital & Health Care,3,Contact,Josh Buehler,,2025-10-27 11:46,1,,New,0,,,
16830992819,Humi,humi.ca,humi.ca,https://linkedin.com/company/humi-hr,18444384864,325 Front Street West,Toronto,Ontario,M5V 2Y1,Canada,Human Resources,130,Contact,Lisa Israelovitch,2023-09-14 15:16,2023-08-04 10:19,0,,,,,,
39344261768,Humboldt Park Health,hph.care,hph.care,,17732928200,,,,,,,900,Contact,,,2025-09-11 13:33,1,,,0,,,
39099840046,Humaniti Hotel,humanitihotel.com,humanitihotel.com,,15146572595,,,,,,,,Contact,Josh Buehler,2025-10-02 12:24,2025-09-03 12:09,3,,,0,,,
8112039310,HubSpot,hubspot.com,hubspot.com,https://linkedin.com/company/hubspot,18884827768,25 First Street,Cambridge,Massachusetts,2141,United States,Computer Software,8246,,Lisa Israelovitch,2026-01-14 10:36,2022-03-05 21:37,4,,,0,,,https://support.hubspot.com
9409126010,HUB International,hubinternational.com,hubinternational.com,https://linkedin.com/company/hub-international,19058475500,95 Millennium Boulevard,Moncton,New Brunswick/Nouveau-Brunswick,E1E 2G7,Canada,Insurance,10000,Lead,Lisa Israelovitch,2026-02-02 19:59,2022-08-18 11:36,5,,,0,,,
49763873641,HPI Community Hospital (AKA Healthcare Partners Investments),hpillc.org,hpillc.org,,,,,,,,,,Contact,,,2026-01-26 18:09,0,,New,,,,
35246122926,Houston Physicians' Hospital,houstonphysicianshospital.com,https://www.houstonphysicianshospital.com/,https://linkedin.com/company/houston-physicians,,333 North Texas Avenue,Webster,Texas,77598,United States,Hospital & Health Care,240,Contact,Lisa Israelovitch,2025-11-09 11:09,2025-06-19 20:41,1,,New,0,,,
35499107252,Houston Methodist,houstonmethodist.org,houstonmethodist.org,https://linkedin.com/company/houston-methodist,12814090621,6565 Fannin Street,Houston,Texas,77030,United States,Hospital & Health Care,17000,Contact,Greg Zenko,2025-07-28 20:02,2025-06-30 14:05,10,,New,0,,,
34366432809,Hotel St Paul,hotelstpaul.com,hotelstpaul.com,https://linkedin.com/company/st-paul-hotel,15143802222,355 Rue McGill,Montreal,Quebec,H2Y 2E8,Canada,Hospitality,125,Contact,Lisa Israelovitch,2025-12-16 11:38,2025-05-29 17:53,1,,,0,,,
42869836557,Hospital Sisters Health System,hshs.org,hshs.org,https://linkedin.com/company/hospital-sisters-health-system,12175234747,4936 Laverna Road,Springfield,Illinois,62707,United States,Hospital & Health Care,14626,Contact,Josh Buehler,,2025-10-27 11:46,1,,New,0,,,
42711777430,Hospital Israelita Albert Einstein,einstein.br,einstein.br,https://linkedin.com/company/hospital-albert-einstein,,627/701 Avenida Albert Einstein,,Sao Paulo,05652-010,Brazil,Hospital & Health Care,25931,Contact,Josh Buehler,,2025-10-27 11:46,1,,New,0,,,
9733712644,Hospital for Special Surgery,hss.edu,hss.edu,https://linkedin.com/company/hospital-for-special-surgery,12126061000,535 East 70th Street,New York,New York,10001,United States,Hospital & Health Care,14145,Contact,Lisa Israelovitch,2025-01-22 11:00,2022-10-04 16:26,4,,New,0,,,
9624056651,Horizons Ventures,horizons.com.hk,horizons.com.hk,https://linkedin.com/company/horizons-ventures,,,Hong Kong,Hong Kong Island,,Hong Kong,Venture Capital & Private Equity,30,Lead,,2025-02-27 9:00,2022-09-19 17:25,3,,,0,,,
30409232933,Horizon Health Network,horizonnb.ca,https://horizonnb.ca,https://linkedin.com/company/horizon-health-network,184422500220,,,New Brunswick/Nouveau-Brunswick,,Canada,Hospital & Health Care,13000,Contact,Lisa Israelovitch,,2025-02-26 10:21,1,,New,,,,
30034336104,Horizon Health,myhorizonhealth.org,myhorizonhealth.org,https://linkedin.com/company/horizon-health-paris-ill,,721 East Court Street,Paris,Illinois,61944,United States,Hospital & Health Care,270,Contact,Lisa Israelovitch,,2025-02-16 12:00,1,,New,0,,,
39357100038,HonorHealth,honorhealth.com,honorhealth.com,https://linkedin.com/company/honorhealth,16235805800,8125 N Hayden Rd,Scottsdale,Arizona,85258,United States,Hospital & Health Care,10500,Contact,Lisa Israelovitch,2026-02-10 10:27,2025-09-11 13:33,2,,New,0,,,
49519454505,HOME,revgo.co,revgo.co,,,,,,,,Professional Training & Coaching,,Contact,Lisa Israelovitch,2026-02-06 9:03,2026-01-22 23:57,1,,,0,,,
39353837099,Holland Hospital,hollandhospital.org,hollandhospital.org,https://linkedin.com/company/holland-hospital,,602 Michigan Avenue,Holland,Michigan,49423,United States,Hospital & Health Care,1750,Contact,,,2025-09-11 13:33,3,,New,0,,,
19598043022,Hilton,hilton.com,hilton.com,https://linkedin.com/company/hilton, +1 703-883-1000,7930 Jones Branch Drive,McLean,Virginia,22102,United States,Hospitality,142000,Contact,Lisa Israelovitch,2025-11-25 22:49,2024-03-19 11:47,1,,,0,,,
30417851919,Highline South Surgery Center managed by SurgeryDirect,highlinesouthasc.com,https://highlinesouthasc.com,https://linkedin.com/company/highline-south-ambulatory-surgery-center-llc,13039518100,5 West Dry Creek Circle,Littleton,Colorado,80120,United States,Hospital & Health Care,25,Contact,Lisa Israelovitch,,2025-02-26 10:21,1,,New,0,,,
36906233524,Henry Ford Health,henryford.com,hfhs.org,https://linkedin.com/company/henry-ford-health,15172057495,,Detroit,Michigan,48288,United States,Hospital & Health Care,33000,Contact,Greg Zenko,2025-07-28 18:34,2025-07-28 18:24,5,,New,0,,,hfhs.org
39371492190,Hendrick Health,hendrickhealth.org,hendrickhealth.org,https://linkedin.com/company/hendrick-health,13256702000,1900 Pine St,Abilene,Texas,79601,United States,Hospital & Health Care,1247,Contact,,,2025-09-11 13:33,2,,New,0,,,
49769127197,Helen Newberry Joy Hospital,hnjh.org,hnjh.org,,,,,,,,,,Contact,,,2026-01-26 18:09,0,,New,,,,
10404663831,HEC Montréal,hec.ca,hec.ca,https://linkedin.com/company/ecole-des-dirigeants-hec-montreal, +1 514 340 6896,3000 Chemin de la Côte-Sainte-Catherine,Montreal,Quebec,H3T 2A7,Canada,Higher Education,1011,Contact,,2022-12-20 15:28,2022-12-20 12:31,1,,,0,,,
30415608934,Heaton Laser and Surgery Center,heatoneye.com,heatoneye.com,https://linkedin.com/company/heaton-eye-associates,,3415 Golden Road,Tyler,Texas,75701,United States,Hospital & Health Care,30,Contact,Lisa Israelovitch,,2025-02-26 10:21,1,,New,0,,,
46815949664,Heartland Ventures,heartlandvc.com,heartlandvc.com,https://linkedin.com/company/heartlandventures,14143310555,,Columbus,Ohio,43215,United States,Venture Capital & Private Equity,30,Contact,,,2025-12-08 20:04,1,,,0,,,
42692613677,Heartland Surgery Center,heartlandsurgery.com,heartlandsurgery.com,,,3515 30th Avenue,Kearney,Nebraska,68845,United States,,15,Contact,Josh Buehler,,2025-10-27 11:46,2,,,0,,,
18640476277,HealthTrust,healthtrustpg.com,healthtrustpg.com,https://linkedin.com/company/healthtrust-purchasing-group, +1 615-344-3000,1100 Charlotte Avenue,Nashville,Tennessee,37203,United States,Hospital & Health Care,600,Contact,Lisa Israelovitch,2025-05-01 13:30,2024-01-08 7:57,12,,,0,,,
49767897762,Healthcare Systems of America,hsahospitals.com,hsahospitals.com,,,,,,,,,,Contact,,,2026-01-26 18:09,0,,New,,,,
49053035142,Healthcare Links,healthcarelinks.org,healthcarelinks.org,https://linkedin.com/company/healthcare-links,18453634585,,Cortlandt Manor,New York,10567,United States,Hospital & Health Care,5,Contact,Stephen Boswell,2026-02-10 17:23,2026-01-14 16:02,2,,,0,,,
28319418471,Healthcare Hq,healthcarehqmedia.com,healthcarehqmedia.com,https://linkedin.com/company/healthcarehq,,4 Westbrook Corporate Center,Westchester,Illinois,60154,United States,Hospital & Health Care,5,Contact,Lisa Israelovitch,2024-12-20 16:07,2025-01-09 21:24,1,,,0,,,
49749208600,Healthcare District of Palm Beach County,hcdpbc.org,hcdpbc.org,,,,,,,,,,Contact,,,2026-01-26 18:09,0,,New,,,,
49774562458,Health Velocity Capital,healthvelocitycapital.com,healthvelocitycapital.com,https://linkedin.com/company/health-velocity-capital,14159862900,50 California Street,San Francisco,California,94111,United States,Capital Markets,4,Contact,Lisa Israelovitch,2026-02-09 6:09,2026-01-26 20:18,1,,,0,,,
49258428961,Health Sciences Centre,hsc.mb.ca,https://hsc.mb.ca,https://linkedin.com/company/health-sciences-centre,12047873661,700 William Avenue,Winnipeg,Manitoba,R3E 3J7,Canada,Hospital & Health Care,1250,Contact,Lisa Israelovitch,2026-02-10 18:00,2026-01-19 17:05,2,,,1,2026-01-19 17:05,Request a demo: Demo Request,
35499413544,Health First,hf.org,hf.org,https://linkedin.com/company/health-first, +1 321-434-1959,6450 U.S. 1,Rockledge,Florida,32955,United States,Hospital & Health Care,5152,Contact,Greg Zenko,2025-08-20 12:43,2025-06-30 12:56,3,,New,0,,,
15501931897,Health Equity Innovation Partners,chicagoarc.health,chicagoarc.health,https://linkedin.com/company/chicago-arc,18772978921,120 North Racine Avenue,Chicago,Illinois,60607,United States,Alternative Medicine,5,Contact,,2023-06-18 20:41,2023-04-18 22:07,1,,New,0,,,
16883332105,Health Connect Partners,hlthcp.com,hlthcp.com,https://linkedin.com/company/health-connect-partners,6154496234,65 Business Park Drive,Lebanon,Tennessee,37090,United States,Hospital & Health Care,30,Contact,Lisa Israelovitch,2023-11-16 10:29,2023-08-08 19:10,5,,,0,,,
15701348624,Headline,headline.com,headline.com,https://linkedin.com/company/headlinevc,971547039010,101 Montgomery Street,San Francisco,California,94102,United States,Capital Markets,248,Contact,Lisa Israelovitch,2023-05-10 11:00,2023-05-09 19:52,1,,,0,,,
8576946337,HCA Healthcare,hcahealthcare.com,hcahealthcare.com,https://linkedin.com/company/hca,16153449551,809 82nd Pkwy.,Myrtle Beach,SC,29572,United States,Hospital & Health Care,309000,Lead,Lisa Israelovitch,2025-04-18 14:09,2022-05-01 23:32,11,1,In Progress,0,,,
49739735968,Hawaii Health Systems Corp (AKA HHSC),hhsc.org,hhsc.org,,,,,,,,,,Contact,,,2026-01-26 18:09,0,,New,,,,
8776931096,Harvard University,harvard.edu,harvard.edu,https://linkedin.com/school/harvard-medical-school,16174951000,86 Brattle St,Cambridge,Massachusetts,2138,United States,Higher Education,30243,,,,2022-05-24 16:38,1,,,0,,,
30416170094,Harvard Business School,hbs.edu,https://www.hbs.edu,,,,Boston,Massachusetts,2212,United States,Higher Education,2233,Contact,Lisa Israelovitch,,2025-02-26 10:21,1,,,0,,,
35561094433,Hartford Hospital,hhchealth.org,hhchealth.org,,18606961246,,Hartford,Connecticut,6101,United States,Hospital & Health Care,10000,Contact,Greg Zenko,2025-07-21 14:55,2025-06-30 13:10,3,,New,0,,,
49763565678,Hartford HealthCare (AKA Hartford Healthcare Corporation),hartfordhealthcare.org,hartfordhealthcare.org,,,,,,,,,,Contact,,,2026-01-26 18:09,0,,New,,,,
50552054414,Harris Health System,harrishealth.org,harrishealth.org,https://linkedin.com/company/harris-health-system,,1504 Ben Taub Loop,Houston,TX,77030,United States,Hospital & Health Care,4384,Contact,Stephen Boswell,2026-02-06 12:16,2026-02-03 12:35,1,,,1,2026-02-03 12:35,Learn more about AssistIQ: Demo Request,
9863891844,Haply Robotics,haply.co,haply.co,https://linkedin.com/company/haplyrobotics,14509001223,4316 Boulevard Saint-Laurent,Montreal,Quebec,H2W 1Z3,Canada,Machinery,30,Lead,,,2022-10-21 11:32,0,,,,,,
49754125484,Hannibal Regional Hospital,hannibalregional.org,hannibalregional.org,,,,,,,,,,Contact,,,2026-01-26 18:09,0,,New,,,,
35991475785,Hancock Health,hancockhealth.org,hancockhealth.org,https://linkedin.com/company/hancock-health,,801 North State Street,Greenfield,Indiana,46140,United States,Hospital & Health Care,690,Contact,,,2025-07-10 15:59,1,,New,1,2025-07-10 15:59,AssistIQ Interest Form: General Interest Form,
18922425876,Hamilton Health Sciences,hhsc.ca,hhsc.ca,https://www.linkedin.com/company/hamilton-health-sciences,19055212100,1200 Main Street West,Hamilton,Ontario,L8N 3Z5,Canada,Hospital & Health Care,15000,Contact,Lisa Israelovitch,2024-01-31 7:24,2024-01-31 7:57,4,,New,0,,,
8795056809,HaloHealth,halohealth.ca,halohealth.ca,https://linkedin.com/company/halohealthmd,,,,,,Canada,Investment Management,60,,,2022-05-30 20:42,2022-05-26 19:30,2,,,0,,,
10239220233,HackerX,hackerx.org,hackerx.org,https://linkedin.com/company/hackerx,4154390723,237 Kearny St,San Francisco,California,94108,United States,Information Technology and Services,40,Lead,,2022-12-07 14:24,2022-12-04 14:59,1,,,0,,,
30400696933,Hackensack Meridian Health,hackensackmeridianhealth.org,https://www.hackensackmeridianhealth.org,https://linkedin.com/company/hackensackmeridianhealth,18444649355,343 Thornall Street,Edison,New Jersey,8837,United States,Hospital & Health Care,3,Contact,Lisa Israelovitch,,2025-02-26 10:21,1,,New,0,,,
9802960418,Guthrie,guthrie.org,guthrie.org,https://www.linkedin.com/company/robert-packer-hospital, +1 509-547-7704,1 Guthrie Sq,Sayre,PA,18840,United States,Hospital & Health Care,5000,Lead,Howard Fried (Deactivated User),2023-01-23 8:00,2022-10-13 10:38,2,,In Progress,0,,,
35611099288,Gundersen Health System,gundersenhealth.org,https://www.gundersenhealth.org/,https://linkedin.com/company/gundersen-health-system,16087758660,1900 South Ave,La Crosse,Wisconsin,54601,United States,Hospital & Health Care,7621,Opportunity,Josh Buehler,2026-02-10 13:59,2025-02-16 12:00,10,1,Open Deal,0,,,emplifyhealth.org
8576775331,GSR Ventures,gsrventures.com,gsrventures.com,https://linkedin.com/company/gsrventures,6503317300,245 Lytton Avenue,Palo Alto,California,94301,United States,Venture Capital & Private Equity,30,,,2023-06-06 21:41,2022-05-01 23:32,1,,,0,,,
22061916232,Groupe Agéco,groupeageco.ca,groupeageco.ca,https://linkedin.com/company/groupe-ag-co,,,,,,Canada,Management Consulting,45,Contact,Lisa Israelovitch,2024-10-21 15:00,2024-07-25 7:42,1,,,0,,,
8623097887,Greycroft,greycroft.com,greycroft.com,https://linkedin.com/company/greycroft-partners, +1 212-756-3508,1650 Marlay Dr,West Hollywood,California,90069,United States,Capital Markets,60,,,2022-10-14 21:07,2022-05-06 22:24,1,,,0,,,
15793799857,GreenSky Ventures,greensky.vc,greensky.vc,https://linkedin.com/company/greensky-capital-inc,14165857850,40 University Avenue,Toronto,Ontario,M5J 1S3,Canada,Venture Capital & Private Equity,5,Contact,Lisa Israelovitch,,2023-05-18 19:10,1,,,0,,,
9652646671,GreenLight Medical,greenlightmedical.com,greenlightmedical.com,https://linkedin.com/company/greenlight-medical,16298882920,1201 4th Avenue South,Nashville,Tennessee,37210,United States,Alternative Medicine,16,Lead,,2022-10-11 13:56,2022-09-23 10:55,1,,,0,,,
16282603652,GreenCentre Canada,greencentrecanada.com,greencentrecanada.com,https://linkedin.com/company/greencentre-canada,6135074705,945 Princess Street,Kingston,Ontario,K7L,Canada,Chemicals,30,Contact,Lisa Israelovitch,,2023-06-30 17:10,1,,,0,,,
10540855726,Greater Sum Ventures,greatersumventures.com,greatersumventures.com,https://linkedin.com/company/greater-sum-ventures, +1 888-534-4891,2035 Lakeside Centre Way,Knoxville,Tennessee,37922,United States,Venture Capital & Private Equity,40,Contact,,2023-01-23 13:43,2023-01-04 17:56,1,,,0,,,
39358013075,Grande Ronde Hospital,grh.org,grh.org,https://linkedin.com/company/grande-ronde-hospital,,900 Sunset Drive,La Grande,Oregon,97850,United States,Hospital & Health Care,450,Contact,,,2025-09-11 13:33,1,,,0,,,
42847590059,Gramercy Surgery Center,gramercysurgery.com,gramercysurgery.com,https://linkedin.com/company/gramercy-surgery-center-inc,12122543570,380 2nd Avenue,New York,New York,10010,United States,Hospital & Health Care,125,Contact,Josh Buehler,,2025-10-27 11:46,1,,,0,,,
49744532293,Grace Hospital System,gracehospital.org,gracehospital.org,,,,,,,,,,Contact,,,2026-01-26 18:09,0,,New,,,,
39353379512,Gothenburg Health,gothenburghealth.org,gothenburghealth.org,https://linkedin.com/company/gothenburg-health,,910 20th Street,Gothenburg,Nebraska,69138,United States,Hospital & Health Care,75,Contact,,,2025-09-11 13:33,1,,New,0,,,
16083519878,goscoutreach,goscoutreach.com,goscoutreach.com,https://www.linkedin.com/company/scoutreach,,,New Castle,DE,19720,United States,Marketing and Advertising,10,Contact,Lisa Israelovitch,,2023-06-15 13:06,1,,,0,,,
30409414522,Good Shepherd Health Care System,gshealth.org,https://www.gshealth.org,https://linkedin.com/company/good-shepherd-health-care-system,15416673400,610 NW 11th St,Hermiston,Oregon,97838,United States,Hospital & Health Care,360,Contact,Lisa Israelovitch,,2025-02-26 10:21,1,,New,0,,,
39072989861,Gong,gong.io,gong.io,https://linkedin.com/company/gong-io,,265 Cambridge Avenue,Palo Alto,California,94306,United States,Computer Software,700,Contact,Josh Buehler,2025-11-17 11:55,2025-09-02 8:59,1,,,0,,,assistant.gong.io
14918518155,Golden Ventures,golden.ventures,golden.ventures,https://linkedin.com/company/goldenventures,14159868888,20 Maud Street,Toronto,Ontario,M5V 2M5,Canada,Venture Capital & Private Equity,16,Contact,Lisa Israelovitch,2023-06-27 16:50,2023-03-01 12:45,2,,,0,,,
9232216936,Global Founders Capital,globalfounderscapital.com,globalfounderscapital.com,https://linkedin.com/company/global-founders-capital-sea,,Kav. 28-30 Jalan M.H. Thamrin,Gondangdia,Daerah Khusus Ibukota Jakarta,10350,Indonesia,Venture Capital & Private Equity,5,Lead,,2022-08-05 10:59,2022-07-25 14:00,2,,,0,,,
8496689940,Global Affairs Canada,international.gc.ca,international.gc.ca,https://linkedin.com/company/global-affairs-canada-affaires-mondiales-canada,18448806519,Trafalgar Square,Charlottetown,Ontario,47906,Canada,International Affairs,12158,,Lisa Israelovitch,2025-12-10 12:24,2022-04-20 10:28,14,,,0,,,
42881118740,Gillette Children's,gillettechildrens.com,gillettechildrens.com,,16512912848,,,Minnesota,,United States,,,Contact,Josh Buehler,,2025-10-27 11:46,2,,New,0,,,
16208752218,Get qualified sales meetings,primetic.me,primetic.me,,,,,,,,,,Contact,Lisa Israelovitch,,2023-06-23 13:03,1,,,0,,,
9948175758,Gestion EM3,gestionem3.com,gestionem3.com,https://linkedin.com/company/gestionem3,,,,,,,Financial Services,5,Lead,,2022-11-01 14:24,2022-11-01 12:11,1,,,0,,,
42743245684,Georgetown University,gunet.georgetown.edu,gunet.georgetown.edu,https://linkedin.com/school/georgetown-university,12026870100,3700 O Street Northwest,Washington,District of Columbia,20057,United States,Higher Education,9750,Contact,Josh Buehler,,2025-10-27 11:46,1,,New,0,,,
15402106903,GENIUSXR,geniusxr.ai,geniusxr.ai,https://linkedin.com/company/geniusxr,15144651135,4710 Rue Saint-Ambroise,Montreal,Quebec,,Canada,Graphic Design,30,Contact,,,2023-04-06 9:32,1,,,0,,,
15390718528,General Physician,gppconline.com,gppconline.com,https://linkedin.com/company/general-physician-p.c, +1 716-852-4772,726 Exchange Street,Buffalo,New York,14210,United States,Hospital & Health Care,450,Contact,,,2023-04-05 8:33,1,,New,0,,,
17915089738,General Catalyst,generalcatalyst.com,generalcatalyst.com,https://linkedin.com/company/general-catalyst,6172347000,444 High St,New York,New York,10001,United States,Venture Capital & Private Equity,150,Contact,Lisa Israelovitch,2023-11-17 17:27,2023-11-01 20:02,1,,,0,,,
36802596693,Geisinger Health System,geisinger.edu,geisinger.edu,https://linkedin.com/school/gcsom,,525 Pine Street,Scranton,Pennsylvania,18510,United States,Hospital & Health Care,540,Contact,Greg Zenko,2025-07-28 14:58,2025-07-28 14:57,6,,New,0,,,geisinger.org
18978290594,GE HealthCare,gehealthcare.com,gehealthcare.com,https://linkedin.com/company/gehealthcare,18337351139,500 West Monroe Street,Chicago,Illinois,60661,United States,Hospital & Health Care,53000,Opportunity,Lisa Israelovitch,2025-07-03 10:00,2024-02-05 10:11,2,1,Open Deal,0,,,
49583694975,gdR Building Leaders,grossmandorland.com,grossmandorland.com,https://linkedin.com/company/gdrtalent,,,Toronto,Ontario,M5V 1P9,Canada,,15,Contact,Lisa Israelovitch,2026-01-26 9:39,2026-01-26 9:39,1,,,0,,,
49913044496,Gartner,gartner.com,gartner.com,https://linkedin.com/company/gartner,12039640096,56 Top Gallant Road,Stamford,Connecticut,6901,United States,Information Technology and Services,21044,Contact,Lisa Israelovitch,,2026-01-28 9:42,1,,,0,,,
21370561368,GapLogic,gap-logic.com,gap-logic.com,https://www.linkedin.com/company/gap-logic,,294 East Long Street,Columbus,Ohio,43215,United States,Professional Training & Coaching,5,Contact,Lisa Israelovitch,2025-10-17 11:00,2024-06-11 8:01,1,,,0,,,
17154419279,Funded.club,mgt.funded.club,mgt.funded.club,https://linkedin.com/company/funded-club,,,Haarlem,Provincie Noord-Holland,2013 PE,The Netherlands,Staffing and Recruiting,60,Contact,Lisa Israelovitch,,2023-08-29 23:17,0,,,,,,
15180840803,Fulcrum Equity Partners,fulcrumep.com,fulcrumep.com,https://linkedin.com/company/fulcrum-equity-partners,17705516300,5555 Glenridge Connector,Atlanta,Georgia,30342,United States,Venture Capital & Private Equity,30,Contact,,2024-11-14 22:57,2023-03-17 1:00,1,,,0,,,
15714867302,FT Capital Partners,ftcapitalpartners.com,ftcapitalpartners.com,https://linkedin.com/company/ftcp,6305177585,120 E Liberty Dr,Wheaton,Illinois,60187,United States,Financial Services,5,Contact,Lisa Israelovitch,2025-02-13 12:30,2023-05-11 10:21,1,,,0,,,
28286822792,Frontier Growth,frontiergrowth.com,frontiergrowth.com,https://linkedin.com/company/frontier-growth, +1 704-414-2880,525 North Tryon Street,Charlotte,North Carolina,28202,United States,Venture Capital & Private Equity,40,Contact,Lisa Israelovitch,,2025-01-09 14:17,1,,,0,,,
49777965346,Froedtert ThedaCare Health Inc,froedtert.com,froedtert.com,,,,,,,,,,Contact,MacKenzie Masten,,2026-01-26 18:09,4,,New,0,,,
28801312546,Frist Cressey Ventures,fcventures.com,fcventures.com,https://linkedin.com/company/frist-cressey-ventures,,40 Burton Hills Boulevard,Nashville,Tennessee,37215,United States,Venture Capital & Private Equity,15,Contact,Josh Buehler,2025-01-16 9:30,2025-01-20 15:42,3,,,0,,,
35611094186,Freeman Health,freemanhealth.com,freemanhealth.com,https://linkedin.com/company/freeman-health-system, +1 417-347-1111,1102 West 32nd Street,Joplin,MO,64804,United States,Hospital & Health Care,4500,Contact,Lisa Israelovitch,2023-10-30 16:21,2023-10-20 6:57,2,,New,0,,,
39356936579,Frederick Health,frederick.health,frederick.health,https://linkedin.com/company/frederick-health,12405663564,400 West 7th Street,Frederick,Maryland,21701,United States,Hospital & Health Care,1702,Contact,,,2025-09-11 13:33,1,,New,0,,,
49749827353,Franklin County Memorial Hospital,fcmh.net,fcmh.net,,,,,,,,,,Contact,,,2026-01-26 18:09,0,,New,,,,
49752305698,Franciscan Missionaries of Our Lady Health System (AKA FMOL),fmolhs.org,https://www.fmolhs.org,https://linkedin.com/company/franciscan-missionaries-of-our-lady-health-system,13182321580,4200 Essen Lane,Baton Rouge,Louisiana,70809,United States,Hospital & Health Care,8000,Contact,,,2026-01-26 18:09,0,,New,,,,
39369275231,Franciscan Alliance,franciscanalliance.org,franciscanalliance.org,https://linkedin.com/company/franciscan-alliance-inc,18669030436,,Crawfordsville,Indiana,47933,United States,Hospital & Health Care,2540,Contact,Josh Buehler,2025-10-15 18:54,2025-09-11 13:33,1,,New,0,,,franciscanhealth.org
30400696931,Fortive/ASP,fortive.com,https://fortive.com,https://linkedin.com/company/fortive, +1 425-446-5000,6920 Seaway Blvd,Everett,Washington,98203,United States,Industrial Automation,18000,Contact,Lisa Israelovitch,,2025-02-26 10:21,1,,,0,,,
43405419091,Forrest General Hospital,forrestgeneral.com,forrestgeneral.com,https://linkedin.com/company/forrest-general-hospital,16012884305,6051 U.S. 49,Hattiesburg,Mississippi,39401,United States,Hospital & Health Care,3000,Contact,Josh Buehler,,2025-10-30 19:02,1,,,0,,,
15390912150,Fondaction,fondaction.com,fondaction.com,https://linkedin.com/company/fondaction,5145255505,850 Boulevard de Maisonneuve Est,Montreal,Quebec,H2K 4S3,Canada,Investment Management,270,Contact,Lisa Israelovitch,2025-10-10 14:15,2023-04-05 9:18,3,,,0,,,
9956810409,Foley & Lardner,foley.com,foley.com,https://linkedin.com/company/foley, +1 414-271-2400,777 E Wisconsin Ave,Milwaukee,Wisconsin,53202,United States,Law Practice,3500,Lead,,2022-12-05 22:05,2022-11-02 10:29,2,,,0,,,
49760932663,Florida Department of Children and Families,myflfamilies.com,myflfamilies.com,,,,,,,,,,Contact,,,2026-01-26 18:09,0,,New,,,,
9658889366,Flexpa,flexpa.com,flexpa.com,https://linkedin.com/company/flexpa,18663434291,,San Francisco,California,94102,United States,Medical Devices,5,Lead,,2026-02-08 21:54,2022-09-24 10:04,1,,,0,,,
27520733876,Flare Capital,flarecapital.com,flarecapital.com,https://linkedin.com/company/flare-capital-partners,16176075060,800 Boylston St,Boston,Massachusetts,2199,United States,Venture Capital & Private Equity,103,Contact,Josh Buehler,2025-02-24 15:00,2024-12-20 9:26,1,,,0,,,
42717194933,Fisher-Titus,ftmc.com,ftmc.com,https://linkedin.com/company/fisher-titus-medical-center,14196606906,,,,,,Hospital & Health Care,,Contact,Josh Buehler,,2025-10-27 11:46,1,,,0,,,
28301559106,First Case,firstcasemedia.com,firstcasemedia.com,https://linkedin.com/company/firstcase,18003210591,,Lancaster,Pennsylvania,17603,United States,Entertainment,7,Contact,Lisa Israelovitch,2024-12-20 16:07,2025-01-09 21:24,1,,,0,,,
43251217526,Firelands Health,firelands.com,firelands.com,https://linkedin.com/company/firelandshealth,,1111 Hayes Avenue,Sandusky,Ohio,44870,United States,Hospital & Health Care,1500,Contact,Josh Buehler,,2025-10-30 19:02,2,,New,0,,,
46905319537,Finger Lakes Health,flhealth.org,flhealth.org,https://linkedin.com/company/finger-lakes-health, +1 315-787-4014,196 North St,Geneva,New York,14456,United States,Hospital & Health Care,1250,Contact,,,2025-12-09 14:23,1,,,0,,,
10089669174,Find Customers Fast,bizdev.global,bizdev.global,https://www.linkedin.com/company/bizdevdotglobal,,,Los Gatos,California,,United States,,5,Lead,,,2022-11-15 23:42,1,,,0,,,
49770519886,Federal Bureau of Prisons,bop.gov,bop.gov,,,,,,,,,,Contact,,,2026-01-26 18:09,0,,New,,,,
15706226486,FCA Venture Partners,fcavp.com,fcavp.com,https://linkedin.com/company/fcavp,16153264848,110 Winners Circle North,Brentwood,Tennessee,37027,United States,Venture Capital & Private Equity,18,Opportunity,Lisa Israelovitch,2024-12-25 8:00,2023-05-10 10:57,1,1,,0,,,
36264759973,Fathom,fathom.video,fathom.video,https://linkedin.com/company/fathom-video,,2261 Market Street,San Francisco,California,94114,United States,Computer Software,90,Contact,Josh Buehler,2026-02-06 14:44,2025-07-14 15:36,2,,,0,,,
8112239949,Fasken Martineau,fasken.com,fasken.com,https://linkedin.com/company/fasken,6132363882,333 Bay Street,Toronto,Ontario,M5H 2T6,Canada,Law Practice,1750,,Lisa Israelovitch,2025-12-01 17:30,2022-03-05 21:56,1,,,0,,,
43206006858,Faith Regional Health Services,frhs.org,frhs.org,https://linkedin.com/company/frhs,,2700 West Norfolk Avenue,Norfolk,Nebraska,68701,United States,Hospital & Health Care,870,Contact,,,2025-10-29 15:18,1,,,1,2025-10-29 15:18,Coffee at Beckers: Pitchers - 2025,
9143337550,Fairview Health Services,fairview.org,fairview.org,https://linkedin.com/company/fairview-health-services,16122733780,2450 Riverside Avenue,Minneapolis,Minnesota,55488,United States,Hospital & Health Care,12000,,,2022-07-19 11:06,2022-07-15 15:21,3,,,0,,,
18444507940,Fairfield Medical Center,fmchealth.org,fmchealth.org,https://linkedin.com/company/fairfield-medical-center,7406878000,401 North Ewing Street,Lancaster,Ohio,43130,United States,Hospital & Health Care,1500,Contact,Lisa Israelovitch,2023-12-13 15:37,2023-12-16 15:11,3,,New,0,,,
9883306322,FaaSPartners,faaspartners.com,faaspartners.com,https://linkedin.com/company/faas-partners,,,Toronto,Ontario,,Canada,Accounting,5,Lead,Lisa Israelovitch,2023-11-29 9:30,2022-10-24 12:58,0,,,,,,
29914725812,faascloud,faascloud.co,faascloud.co,,14377038303,1395 Brickell Avenue,Miami,Florida,33131,United States,Information Technology and Services,,Contact,Lisa Israelovitch,2026-01-29 15:30,2025-02-12 18:47,1,,,0,,,
9919845132,EY,ca.ey.com,ca.ey.com,https://linkedin.com/company/ernstandyoung, +1 866-608-0644,118 N Gadsden St #1400,London,England,SE1,United Kingdom,Accounting,365399,Lead,,2022-11-15 17:24,2022-10-27 15:55,1,,,0,,,
16326163343,Expert App Devs,expertappsdevs.com,expertappsdevs.com,https://www.linkedin.com/company/expert-app-devs,,7154 West State Street,Garden City,Idaho,83714,United States,Computer Software,10,Contact,Lisa Israelovitch,,2023-07-06 6:47,1,,,0,,,
49752614991,EvergreenHealth,evergreenhealth.com,evergreenhealth.com,,,,,,,,,,Contact,,,2026-01-26 18:09,0,,New,,,,
28304953088,Evangelical Community Hospital,evanhospital.com,evanhospital.com,https://linkedin.com/company/evangelical-community-hospital,,1 Hospital Drive,Lewisburg,Pennsylvania,17837,United States,Hospital & Health Care,1500,Contact,Lisa Israelovitch,2025-01-09 16:48,2025-01-09 16:48,1,,New,0,,,
8112039697,ÉTS Montréal,etsmtl.ca,etsmtl.ca,https://linkedin.com/school/etsmtl,15143968445,400 Rue Montfort,Montreal,Quebec,H3C 4A8,Canada,Primary/Secondary Education,2462,,,2023-03-02 13:30,2022-03-05 21:48,10,,,0,,,
17619051918,Eton Venture Svcs,etonvs.com,etonvs.com,https://linkedin.com/company/eton-venture-services,18889183866,3112 Windsor Road,Austin,Texas,78703,United States,Accounting,5,Contact,Lisa Israelovitch,2023-11-07 13:35,2023-10-09 16:44,2,,,0,,,
38388225104,Ethos Veterinary Health,ethosvet.com,ethosvet.com,https://linkedin.com/company/ethos-veterinary-health,17819325802,,,Massachusetts,,United States,Veterinary,740,Contact,Josh Buehler,2025-09-13 12:48,2025-08-20 13:24,1,,,0,,,
49779707509,Estes Park Health (FKA Estes Park Medical Center),eph.org,eph.org,,,,,,,,,,Contact,,,2026-01-26 18:09,0,,New,,,,
8719213674,Esplanade Ventures,esplanadeventures.com,esplanadeventures.com,https://linkedin.com/company/esplanadeventures, +1 514-502-1135,600 Boulevard de Maisonneuve Ouest,Montreal,Quebec,H3A 3J2,Canada,Venture Capital & Private Equity,10,,,2022-07-22 15:13,2022-05-17 17:38,2,,,0,,,
16249630527,Esplanade Québec,esplanade.quebec,esplanade.quebec,https://linkedin.com/company/esplanade-quebec,15144160024,914 Rue Notre-Dame Ouest,Montreal,Quebec,H3C 1J9,Canada,Consumer Services,31,Contact,Lisa Israelovitch,,2023-06-27 16:43,1,,,0,,,
17745793151,Erlanger,erlanger.org,erlanger.org,https://linkedin.com/company/erlanger-health-system,14237785150,975 East 3rd Street,Chattanooga,Tennessee,37403,United States,Hospital & Health Care,6700,Contact,Lisa Israelovitch,,2023-10-20 6:57,2,,New,0,,,
50519433287,Equitable Life,equitable.ca,equitable.ca,https://linkedin.com/company/equitable-life,15198865210,1 Westmount Road North,Waterloo,Ontario,N2J 4C7,Canada,Insurance,730,Contact,Lisa Israelovitch,2026-02-06 0:08,2026-02-02 17:22,1,,,0,,,
8729625441,Equinoxe,equinoxe.ca,equinoxe.ca,https://www.linkedin.com/company/equinoxe-lifecare-solutions-soins-de-vie,15149352600,235-4999 RUE SAINTE-CATHERINE O,Montreal,Quebec,H3Z 1T3,Canada,,500,,,2023-01-18 10:03,2022-05-18 16:45,1,,,0,,,
42700814249,Epiq,epiqglobal.com,epiqglobal.com,https://linkedin.com/company/epiqglobal,19136219500,501 Kansas Avenue,Kansas City,Kansas,66105,United States,Legal Services,7500,Contact,Josh Buehler,,2025-10-27 8:00,1,,,0,,,
29801619481,Epic,epic.com,epic.com,https://linkedin.com/company/epic1979, +1 608-271-9000,1979 Milky Way,Verona,Wisconsin,53593,United States,"Health, Wellness and Fitness",13000,Contact,Lisa Israelovitch,,2025-02-10 13:45,2,,,0,,,
9370039092,Enovacom,enovacom.com,enovacom.com,https://linkedin.com/company/enovacom, +33 4 86 67 00 00,521 Avenue du Prado,Marseille 08,Provence-Alpes-Cote d'Azur,13008,France,Information Technology and Services,300,Lead,,,2022-08-12 15:50,2,,,0,,,
39354156125,Englewood Health,englewoodhealth.org,englewoodhealth.org,https://linkedin.com/company/englewood-hospital,,350 Engle Street,Englewood,New Jersey,7631,United States,Hospital & Health Care,2500,Contact,Josh Buehler,2025-10-08 20:27,2025-09-11 13:33,1,,New,1,2025-10-08 9:39,Request a demo: Demo Request,
16782916005,Endless Frontier Labs,endlessfrontierlabs.com,endlessfrontierlabs.com,https://linkedin.com/company/endlessfrontierlabs,,,New York,New York,10012,United States,Higher Education,90,Contact,Lisa Israelovitch,2023-08-08 15:42,2023-07-31 18:13,0,,,,,,
42788038155,Endeavor Health,endeavorhealth.org,http://www.endeavorhealth.org,http://www.linkedin.com/company/endeavor-health, +1 847-570-2000,1301 Central St,Evanston,Illinois,60201-1613,United States,Hospital & Health Care,27000,Lead,Josh Buehler,,2025-10-27 8:00,2,,In Progress,0,,,
49717259179,Endeavor Business Media,endeavorb2b.com,endeavorb2b.com,https://linkedin.com/company/endeavor-business-media,16146423279,30 Burton Hills Blvd,Nashville,Tennessee,37215,United States,Business Supplies and Equipment,657,Contact,Lisa Israelovitch,2026-02-09 11:47,2026-01-26 9:30,2,,,0,,,
8738560589,Enault,enault.net,enault.net,,,,,,,United States,Information Technology and Services,,,,2023-02-01 11:49,2022-05-19 14:02,1,,,0,,,
22729240872,Emory University,emory.edu,emory.edu,https://linkedin.com/school/emory-university,14047276123,201 Dowman NE Dr,Atlanta,Georgia,30322,United States,Higher Education,16000,Contact,Lisa Israelovitch,2024-09-02 15:55,2024-09-02 15:54,2,,New,0,,,
30409205557,Emory Healthcare - Emory University Hospital Midtown,,,,,,,,,,,,Contact,Lisa Israelovitch,,2025-02-26 10:21,2,,New,0,,,
17745665834,Emory Healthcare,emoryhealthcare.org,emoryhealthcare.org,https://linkedin.com/company/emory-healthcare,14047782291,1364 Clifton Rd.,Atlanta,GA,30322,United States,Hospital & Health Care,25000,Marketing Qualified Lead,Lisa Israelovitch,2026-02-06 12:09,2023-10-20 6:57,13,,Connected,1,2026-02-03 18:14,Learn more about AssistIQ: Demo Request,emoryhealth.org
10967114668,Eli Health,eli.health,eli.health,https://linkedin.com/company/elihealth,,1001 Rue Lenoir,Montreal,Quebec,H4C 2Z6,Canada,"Health, Wellness and Fitness",50,Contact,,,2023-01-25 19:17,1,,New,0,,,
39352142671,Elevated Practice Solutions,elevatedpracticesolutions.com,elevatedpracticesolutions.com,https://linkedin.com/company/elevated-practice-solutions,,,,,,,,,Contact,,,2025-09-11 13:33,1,,,0,,,
32892930363,Elephant,elephantvc.com,elephantvc.com,https://linkedin.com/company/elephant-partners,,Newbury Street,Boston,Massachusetts,2212,United States,Venture Capital & Private Equity,15,Contact,Josh Buehler,2025-05-02 17:01,2025-05-02 16:55,1,,,0,,,
39372706878,El Centro Regional Medical Center,ecrmc.org,ecrmc.org,https://linkedin.com/company/el-centro-regional-medical-center,17603397246,1415 Ross Avenue,El Centro,California,92243,United States,Hospital & Health Care,1000,Contact,,,2025-09-11 13:33,1,,,0,,,
15447283331,EIN Presswire,mail.einpresswire.com,mail.einpresswire.com,https://linkedin.com/company/einpresswire, +1 202-335-3939,1025 Connecticut Avenue Northwest,Washington,District of Columbia,20036,United States,Online Media,20,Contact,,,2023-04-12 14:15,0,,,,,,
46936397201,Effingham Health System,effinghamhospital.org,effinghamhospital.org,,19127547565,,,,,,Hospital & Health Care,373,Contact,,,2025-12-09 14:23,1,,,0,,,
18192445367,edō Capital,edocapital.com,edocapital.com,https://www.linkedin.com/company/ed%C5%8D-capital,(514) 447-2880,,Quebec,Quebec,,Canada,Venture Capital & Private Equity,5,Contact,Lisa Israelovitch,,2023-11-23 11:22,1,,,0,,,
49784802613,ECU Health (FKA Vidant Health),ecuhealth.org,https://www.ecuhealth.org,https://linkedin.com/company/ecuhealthnc,12528474472,626 Medical Drive,Greenville,North Carolina,27834,United States,Hospital & Health Care,12224,Contact,,,2026-01-26 18:09,0,,New,,,,
17375256951,ECRI,ecri.org,ecri.org,https://linkedin.com/company/ecri-org, +1 610-825-6000,5200 Butler Pike,Plymouth Meeting,Pennsylvania,19462,United States,Hospital & Health Care,550,Contact,Lisa Israelovitch,,2023-09-18 21:31,2,,,0,,,home.ecri.org
8749885514,Ecometrica,ecometrica.com,ecometrica.com,https://linkedin.com/company/ecometrica, +44 131 208 1500,30 Queensferry Road,Edinburgh,Scotland,EH4 2HS,United Kingdom,Renewables & Environment,45,,,2022-05-25 14:47,2022-05-20 13:16,3,,,0,,,
15871883023,ECLI,ecliny.com,ecliny.com,,15162273254,711 STEWARD AVE,Garden City,New York,11530,United States,Hospital & Health Care,11,Contact,Lisa Israelovitch,2023-06-08 11:00,2023-05-26 17:16,1,,,0,,,
30421729134,ECG Management Consultants,ecgmc.com,https://www.ecgmc.com,https://linkedin.com/company/ecg-management-consultants,,1111 3rd Avenue,Seattle,Washington,98101,United States,"Health, Wellness and Fitness",500,Contact,Lisa Israelovitch,,2025-02-26 10:21,2,,,0,,,
49755364368,East Adams Rural Hospital (AKA East Adams Rural Healthcare),earh.org,earh.org,,,,,,,,,,Contact,,,2026-01-26 18:09,0,,New,,,,
39356015249,E5 Healthcare Consulting,e5consulting.org,e5consulting.org,https://linkedin.com/company/e5-health-care-consulting-llc,15742100446,,Bluffton,South Carolina,29910,United States,Hospital & Health Care,5,Contact,Lisa Israelovitch,2025-09-27 11:24,2025-09-11 13:33,1,,,0,,,
14749846630,Duke University,duke.edu,duke.edu,https://linkedin.com/school/duke-university, +1 919-684-8111,102 Allen #f,Durham,North Carolina,27701,United States,Higher Education,10634,Contact,,2023-03-15 8:58,2023-02-20 8:56,6,,New,0,,,
43212395276,Duke Health,dukehealth.org,dukehealth.org,https://linkedin.com/company/duke-university-health-system, +1 855-855-6484,2301 Erwin Road,Durham,North Carolina,27705,United States,Hospital & Health Care,10000,Contact,Josh Buehler,,2025-10-30 19:01,1,,New,0,,,
30308767823,DSRP.TV,dsrp.tv,dsrp.tv,https://linkedin.com/company/disruptive,14433383778,913 Ridgebrook Road,Glencoe,Maryland,21152,United States,Design,5,Contact,,,2025-02-21 14:55,1,,,0,,,
12488943285,Driven,cmail.driven.ca,cmail.driven.ca,https://linkedin.com/company/drivenfinancialca, +1 866 889 9412,4200 Dorchester Boulevard,Westmount,Quebec,H3Z 1V4,Canada,Financial Services,120,Contact,,,2023-02-10 9:23,1,,,0,,,
8922380469,Dr. Kevin D Jardine,feelingprettyremarkable.com,feelingprettyremarkable.com,,,,,,,United States,Professional Training & Coaching,,,,2024-11-06 15:00,2022-06-15 12:37,1,,,0,,,
14920908172,Doodle,doodle.com,doodle.com,https://linkedin.com/company/doodle-ag, +41 44 248 41 94,21 Werdstrasse,Zurich,Kanton Zuerich,8004,Switzerland,Online Media,123,Contact,,,2023-03-01 15:15,1,,,0,,,
14940059049,DocuSign,docusign.net,docusign.net,https://linkedin.com/company/docusign,14142238107,221 Main Street,San Francisco,California,94105,United States,Information Technology and Services,6840,Contact,,,2023-03-03 11:42,1,,,0,,,
49770210080,Doctors Center Hospital,doctorscenterhospital.com,doctorscenterhospital.com,,,,,,,,,,Contact,,,2026-01-26 18:09,0,,New,,,,
15001861742,DLA Piper,us.dlapiper.com,us.dlapiper.com,https://linkedin.com/company/dla-piper, +1 410-580-4308,650 South Exeter Street,Baltimore,Maryland,21202,United States,Law Practice,12621,Contact,,2023-03-23 23:25,2023-03-08 10:29,1,,,0,,,
8112092525,District 3 Innovation,district3.co,district3.co,https://linkedin.com/company/district-3-innovation-center, +1 514-848-2424,1250 Rue Guy,Montreal,Quebec,H3H 2T4,Canada,Professional Training & Coaching,30,,,2025-10-21 19:00,2022-03-05 22:13,3,,,0,,,
12624645288,Distalmotion,distalmotion.com,distalmotion.com,https://linkedin.com/company/distalmotion,12164403775,7 Rue Mathurin-Cordier,Lausanne,Canton de Vaud,1005,Switzerland,Medical Devices,230,Contact,,2023-02-17 10:48,2023-02-11 8:40,1,,,0,,,
9972087048,Disco,disco.co,disco.co,https://linkedin.com/company/discolearn,,,Toronto,Ontario,,Canada,Semiconductors,30,Lead,,2025-12-18 13:30,2022-11-03 19:16,1,,,0,,,
14971921461,Dingus & Zazzy,dingusandzazzy.com,dingusandzazzyunitedstates.com,https://linkedin.com/company/dingus-zazzy,,5108 47 Street,Leduc,Alberta,T9E 6Y9,Canada,Marketing and Advertising,150,Contact,,,2023-03-06 14:22,1,,,0,,,dingusandzazzyunitedstates.com
39356936577,Dignity Health,dignityhealth.org,dignityhealth.org,https://linkedin.com/company/dignity-health,18442748497,185 Berry Street,San Francisco,California,94107,United States,Hospital & Health Care,55000,Contact,,,2025-09-11 13:33,1,,New,0,,,
15060476083,Digital Marketing Agency in USA,foreignerds.com,foreignerds.com,https://linkedin.com/company/foreignerds-inc, +1 954-342-5676,2035 Sunset Lake Rd,Wilmington,Delaware,19801,United States,Outsourcing/Offshoring,30,Contact,,,2023-03-10 8:36,0,,,,,,
9793622813,DHR Health,dhr-rgv.com,dhr-rgv.com,https://www.linkedin.com/company/dhr-health,9563628677,5501 S McColl Rd,Edinburg,TX,78539,United States,Hospital & Health Care,5000,Lead,Howard Fried (Deactivated User),2022-10-28 17:57,2022-10-12 16:15,3,,In Progress,0,,,
15034405547,DHI Advisors,dhiadvisors.com,dhiadvisors.com,https://www.linkedin.com/company/dhi-advisors,,,Chicago,Illinois,,United States,Professional Training & Coaching,5,Contact,,2023-10-09 13:00,2023-03-09 16:29,1,,,0,,,
8961332078,dgctech,dgctech.ca,dgctech.ca,https://www.linkedin.com/company/d%27astous-groupe-conseil-inc.,5148769880,1080 Cote Du Beaver Hall,Montreal,qc h,H2Z 1S8,Canada,Management Consulting,50,,,2022-10-24 8:28,2022-06-21 22:12,1,,,0,,,
10265849910,Dext,dext.cc,dext.cc,,,,,,,,,,Lead,Lisa Israelovitch,2026-02-04 0:00,2022-12-06 21:53,1,,,0,,,multiple.dext.cc
8108657530,Desjardins,desjardins.com,desjardins.com,https://linkedin.com/company/desjardins, +1 800 224 7737,100 Rue des Commandeurs,Levis,Quebec,H5B 1B2,Canada,Banking,53783,,,2025-11-21 11:00,2022-03-05 21:48,2,,,0,,,
9677964689,Dentons,dentons.com,dentons.com,https://linkedin.com/company/dentons, +1 312-876-3178,1 Fleet Place,Farringdon Within,England,EC4M 7RD,United Kingdom,Law Practice,9250,Lead,,2022-09-27 19:12,2022-09-27 15:11,3,,,0,,,
15851824243,Dena Growth,denagrowth.com,denagrowth.com,https://linkedin.com/company/dena-growth,,,Toronto,Ontario,,Canada,Management Consulting,5,Contact,Lisa Israelovitch,2023-06-08 12:00,2023-05-25 9:39,1,,,0,,,
8960447592,Deloitte,deloitte.ca,deloitte.ca,https://linkedin.com/company/deloitte-canada,14372178971,2800 1055 Dunsmuir St,Vancouver,Ontario,M5C 3G7,Canada,Accounting,415000,,Lisa Israelovitch,2026-02-10 11:35,2022-06-21 15:51,18,,,0,,,
40796788622,Deerpath Capital,deerpathsurger.com,deerpathsurger.com,,,,,,,,,,Contact,Josh Buehler,,2025-10-03 14:57,1,,,0,,,
10335937087,Deel,deel.com,deel.com,https://linkedin.com/company/deel, +1 415-915-9803,995 Market Street,San Francisco,California,94102,United States,Human Resources,2200,Lead,Lisa Israelovitch,2026-02-10 16:19,2022-12-12 20:43,3,,,0,,,deel.support
46925533753,Dearborn Surgery Center,dearbornsurgery.com,dearbornsurgery.com,, +1 313-253-2069,18100 Oakwood Boulevard,Dearborn,Michigan,48124,United States,,75,Contact,,,2025-12-09 14:23,1,,,0,,,
39365637698,DCH Health System,dchsystem.com,dchsystem.com,https://linkedin.com/company/dch-health-system,,809 University Boulevard East,Tuscaloosa,Alabama,35401,United States,Hospital & Health Care,2250,Contact,,,2025-09-10 15:41,1,,New,0,,,
45778586257,Dartmouth Health (FKA Dartmouth-Hitchcock Health),dartmouth-health.org,dartmouth-health.org,https://linkedin.com/company/dartmouth-health,16036505000,1 Medical Center Drive,Lebanon,New Hampshire,3766,United States,Hospital & Health Care,540,Sales Accepted Lead,Greg Zenko,2025-07-28 19:55,2023-09-28 14:28,9,1,Open Deal,0,,,hitchcock.org; dartmouth-hitchcock.org
8883530778,danelco.com,danelco.com,danelco.com,,,,,,,,,,,,2022-06-09 17:30,2022-06-09 12:09,1,,,0,,,
33269045390,DAKLAND Solutions,daklandsolutions.com,daklandsolutions.com,https://linkedin.com/company/dakland-solutions,18014272915,300 West 53rd Place,Denver,Colorado,80216,United States,Hospital & Health Care,30,Contact,Lisa Israelovitch,,2025-05-10 13:22,1,,,0,,,
8701460594,Cycle Capital,cyclecapital.com,cyclecapital.com,https://linkedin.com/company/cycle-capital,15144951022,1000 Rue Sherbrooke Ouest,Montreal,Quebec,H3A 3G4,Canada,Venture Capital & Private Equity,30,,,,2022-05-15 21:21,1,,,0,,,
15330653599,Cvent,cvent.com,cvent.com,https://linkedin.com/company/cvent,17032263500,1765 Greensboro Station Place,Tysons,Virginia,22102,United States,Computer Software,5000,Contact,,2023-03-29 14:03,2023-03-29 12:17,1,,,0,,,
10235400111,Cultivation Capital,cultivationcapital.com,cultivationcapital.com,https://linkedin.com/company/cultivation-capital,13142162051,911 Washington Avenue,St. Louis,Missouri,63101,United States,Investment Management,60,Lead,,2022-12-12 16:27,2022-12-03 9:36,1,,,0,,,
50606230121,CULPEPER REGIONAL HOSPITAL,culpeperhospital.com,culpeperhospital.com,https://linkedin.com/company/culpeper-regional-hospital,,501 Sunset Lane,Culpeper,Virginia,22701,United States,,120,Contact,MacKenzie Masten,,2026-02-03 17:30,1,,,0,,,
8112190336,CTS,ctssante.com,ctssante.com,https://www.linkedin.com/company/ctssante,,300 Rue du Saint-Sacrement,Montreal,Quebec,H2Y 1X4,Canada,"Health, Wellness and Fitness",10,,Lisa Israelovitch,2025-11-27 16:00,2022-03-05 21:48,5,,,0,,,
17745823834,Crouse Health,crouse.org,crouse.org,https://linkedin.com/company/crouse-hospital,13154707521,736 Irving Ave,Syracuse,New York,13210,United States,Hospital & Health Care,3100,Contact,Lisa Israelovitch,,2023-10-20 6:57,1,,New,0,,,
49783418528,Creekside Hospital,creeksidehealthcarecenter.com,https://creeksidehealthcarecenter.com,,15102355514,1900 Church Lane,San Pablo,California,94806,United States,Hospital & Health Care,150,Contact,,,2026-01-26 18:09,0,,New,,,,
9370735962,Creative Destruction Lab,creativedestructionlab.com,creativedestructionlab.com,https://linkedin.com/school/creative-destruction-lab,,105 ST GEORGE ST,Oxford,Ontario,OX1 1HP,Canada,Investment Management,660,Lead,,2022-09-28 23:53,2022-08-12 17:29,3,,,0,,,
15873812405,Create Health Ventures,createhealth.vc,createhealth.vc,https://linkedin.com/company/create-health-ventures,,,,,,,Capital Markets,6,Contact,Lisa Israelovitch,2023-06-07 20:24,2023-05-26 20:35,1,,,0,,,
9403871567,CRC Group,crcgroup.com,crcgroup.com,https://linkedin.com/company/163250, +1 860-347-9600,Metroplex Drive,Birmingham,Alabama,35209,United States,Insurance,1870,Lead,,,2022-08-17 17:56,1,,,0,,,
45545790817,CoxHealth,coxhealth.com,coxhealth.com,https://linkedin.com/company/coxhealth,14172693000,3801 South National Avenue,Springfield,Missouri,65801,United States,Hospital & Health Care,14000,Contact,Steve Kittleson,2025-11-22 14:47,2025-11-22 14:48,1,,New,0,,,
9408795047,Cowan Group,cowangroup.ca,cowangroup.ca,https://linkedin.com/company/cowan-insurance-group,15196516660,705 Fountain Street North,Cambridge,Ontario,N1R 5T2,Canada,Insurance,600,Lead,,2022-10-27 10:27,2022-08-18 11:33,2,,,0,,,
43386507860,Council of Supply Chain Management Professionals,cscmp.org,cscmp.org,https://linkedin.com/company/cscmp,,333 Butterfield Road,Lombard,Illinois,60148,United States,Logistics and Supply Chain,30,Contact,,,2025-10-30 21:47,1,,,,,,
18058602666,Cottage Health,cottagehealth.org,sbch.org,https://linkedin.com/company/cottage-health,8056877444,400 West Pueblo Street,Santa Barbara,California,93105,United States,Hospital & Health Care,2500,Customer,Lisa Israelovitch,2026-02-03 16:37,2023-11-13 9:29,9,1,Open Deal,0,,,sbch.org
49752305699,Coteau des Prairies Health Care System Hospital (FKA Coteau des Prairies Hospital and Clinic),cdphealth.com,cdphealth.com,,,,,,,,,,Contact,,,2026-01-26 18:09,0,,New,,,,
44053155592,Copper Ridge Surgery Center,surgerytc.com,surgerytc.com,https://linkedin.com/company/surgerytc,,4100 Park Forest Drive,Traverse City,Michigan,49684,United States,Hospital & Health Care,90,Contact,,,2025-11-06 14:19,1,,,0,,,
39354002471,Cooper University Health Care,cooperhealth.edu,cooperhealth.edu,https://linkedin.com/company/cooperuniversityhealthcare,18569688687,1 Cooper Plaza,Camden,New Jersey,8103,United States,Hospital & Health Care,5024,Contact,,,2025-09-11 13:33,1,,New,0,,,
39356015248,Cooley Dickinson Hospital,cooleydickinson.org,cooleydickinson.org,https://linkedin.com/company/cooleydickinson,,30 Locust Street,Northampton,Massachusetts,1060,United States,Hospital & Health Care,1500,Contact,,,2025-09-11 13:33,1,,New,0,,,
42853809333,Cook Children's,cookchildrens.org,cookchildrens.org,https://linkedin.com/company/cook-children,16828854000,801 7th Avenue,Fort Worth,Texas,76104,United States,Hospital & Health Care,4429,Contact,Josh Buehler,,2025-10-27 11:46,5,,New,0,,,
16154619945,contactapricot.com,contactapricot.com,contactapricot.com,,,7 Skyline Drive,Hawthorne,New York,10532,United States,,,Contact,Lisa Israelovitch,,2023-06-19 11:22,1,,,0,,,
10345039169,ConsidraCare,considracare.com,considracare.com,https://linkedin.com/company/considra-care,,,Toronto,Ontario,,Canada,Hospital & Health Care,15,Lead,,2022-12-15 13:05,2022-12-13 14:54,1,,,0,,,
9017838355,Conseil Profectus,conseilprofectus.com,conseilprofectus.com,,15147094422,,,,,,Accounting,14,,,2025-11-05 14:15,2022-06-29 13:00,1,,,0,,,
49772855310,Connecticut Department of Mental Health & Addiction Services (AKA Connecticut Department of Mental Health),ct.gov,ct.gov,,,,,,,,,,Contact,,,2026-01-26 18:09,0,,New,,,,
50677899695,Confluence Health,confluencehealth.org,confluencehealth.org,,,1201 S Miller St.,Wenatchee,WA,98801,,,,Contact,Stephen Boswell,,2026-02-05 16:15,1,,,0,,,
10230446256,Cone Health,conehealth.com,conehealth.com,https://linkedin.com/company/cone-health,13368328014,1200 N Elm St #202,Greensboro,North Carolina,27401,United States,Hospital & Health Care,10650,Contact,Greg Zenko,2025-07-21 13:59,2022-12-02 15:22,4,,New,0,,,
30420802428,Competency & Credentialing Institute,cc-institute.org,https://www.cc-institute.org,https://linkedin.com/company/cci_3, +1 888-257-2667,2170 South Parker Road,Denver,Colorado,80231,United States,Hospital & Health Care,45,Contact,Lisa Israelovitch,,2025-02-26 10:21,1,,,0,,,
30414505055,Compass Surgical Partners,compass-sp.com,compass-sp.com,https://linkedin.com/company/compass-surgical-partners-llc,19193292882,100 Sawmill Road,Raleigh,North Carolina,27615,United States,Consumer Services,38,Contact,Lisa Israelovitch,,2025-02-26 10:21,1,,New,0,,,
46840511399,Community Healthcare System,comhs.org,comhs.org,https://linkedin.com/company/community-healthcare-system, +1 615-465-7000,901 Macarthur Boulevard,Munster,Indiana,46321,United States,Hospital & Health Care,1750,Contact,,,2025-12-08 20:04,1,,,0,,,
39369661542,Community Health Network,ecommunity.com,ecommunity.com,https://linkedin.com/company/community-health-network,13176217000,1500 N Ritter Ave,Indianapolis,Indiana,46219,United States,Hospital & Health Care,7500,Contact,,,2025-09-10 15:41,1,,New,0,,,
16060733967,commonwealthcare.org,commonwealthcare.org,commonwealthcare.org,https://www.linkedin.com/company/commonwealth-care-alliance,18664209332,30 WINTER ST,Boston,MA,2108,United States,"Health, Wellness and Fitness",200,Contact,Lisa Israelovitch,2023-07-07 12:02,2023-06-13 20:41,1,,New,0,,,
30408869028,Commonwealth Pain and Spine,mypainsolution.com,mypainsolution.com,https://linkedin.com/company/commonwealth-pain-and-spine,,120 Executive Park,Louisville,Kentucky,40207,United States,"Health, Wellness and Fitness",150,Contact,Lisa Israelovitch,,2025-02-26 10:21,1,,New,0,,,
36907442807,CommonSpirit Health,commonspirit.org,commonspirit.org,https://linkedin.com/company/commonspirithealth,18888088828,444 W Lake St,Chicago,Illinois,60606,United States,Hospital & Health Care,175000,Contact,Greg Zenko,2025-07-28 18:45,2025-07-28 18:45,3,,New,0,,,
38968754956,Comerica,comerica.com,comerica.com,https://linkedin.com/company/comerica-bank,18335710486,1717 Main Street,Dallas,Texas,75201,United States,Banking,7621,Contact,Josh Buehler,2026-02-10 15:18,2025-08-29 10:15,6,,,0,,,
42882329908,Columbus Community Hospital,columbushosp.org,columbushosp.org,https://linkedin.com/company/columbus-community-hospital-ne, +1 402-562-3356,1800 PO Box,Columbus,Nebraska,68602,United States,Hospital & Health Care,480,Contact,Josh Buehler,,2025-10-27 11:46,5,,New,3,2025-10-29 15:17,Coffee at Beckers: Pitchers - 2025,
49782958084,Columbia Basin Hospital,columbiabasinhospital.org,columbiabasinhospital.org,,,,,,,,,,Contact,,,2026-01-26 18:09,0,,New,,,,
30032285045,Colquitt Regional Medical Center,colquittregional.com,colquittregional.com,https://linkedin.com/company/colquitt-regional-medical-center-ga,,40 PO Box,Moultrie,Georgia,31776,United States,Hospital & Health Care,960,Contact,Lisa Israelovitch,,2025-02-16 12:00,3,,New,0,,,
46925378712,Cody Regional Health (AKA West Park Hospital),codyregionalhealth.org,codyregionalhealth.org,https://linkedin.com/company/cody-regional-health,,707 Sheridan Avenue,Cody,Wyoming,82414,United States,Hospital & Health Care,420,Contact,,,2025-12-09 14:23,1,,New,0,,,
9971744258,Coconut Software,coconutsoftware.com,coconutsoftware.com,https://linkedin.com/company/coconut-software, +1 306 986 1080,121 Research Drive,Saskatoon,Ontario,S7N 1K2,Canada,Computer Software,140,Lead,,2022-12-14 6:20,2022-11-03 19:16,1,,,0,,,
9640704353,Cm-Equity,cm-equity.ca,cm-equity.ca,,,,,,,,,,Lead,,2022-09-22 9:43,2022-09-21 16:20,1,,,0,,,
15447360950,Cleveland Clinic,ccf.org,ccf.org,https://linkedin.com/company/cleveland-clinic-lerner-research-institute, +1 216-448-0400,9500 Euclid Avenue,Cleveland,Ohio,44195,United States,Hospital & Health Care,840,Opportunity,Greg Zenko,2026-02-10 15:20,2023-04-12 14:29,25,1,Open Deal,0,,,clevelandclinic.org
10158044072,Classic Informatics,classicinformatics.com,classicinformatics.com,https://linkedin.com/company/classic-informatics-private-limited, +61 2 8044 3106,55 P Institutional Area,New Delhi,National Capital Territory of Delhi,110030,India,Information Technology and Services,160,Lead,,,2022-11-22 12:43,1,,,0,,,
46838785547,Clarium,clariumhealth.com,clariumhealth.com,https://linkedin.com/company/clarium-health,16303629999,,New York,New York,10001,United States,Hospital & Health Care,37,Contact,,,2025-12-08 20:04,3,,,0,,,
49773631138,City of Hope,cityofhope.org,cityofhope.org,,,,,,,,,,Contact,,,2026-01-26 18:09,0,,New,,,,
8701460593,Circular Innovation Fund,circularinnovationfund.com,circularinnovationfund.com,https://linkedin.com/company/circular-innovation-fund-cif,18772697890,,,,,,Venture Capital & Private Equity,6,,,,2022-05-15 21:21,1,,,0,,,
39368037137,Cincinnati Children's Hospital Medical Center,cchmc.org,cchmc.org,,15136360453,,,Ohio,,United States,Hospital & Health Care,11360,Contact,Lisa Israelovitch,2025-09-29 7:29,2025-09-11 13:33,4,,New,0,,,cincinnatichildrens.org
14940035496,CIC,cic.com,cic.com,https://linkedin.com/company/cic_6,16177584100,Ji Qing Lu,Nanjing,Jiangsu,210000,China,Commercial Real Estate,100,Contact,,,2023-03-03 11:37,4,,,0,,,
8709361460,CIBC,cibc.com,cibc.com,https://linkedin.com/company/cibc,18004652422,207 Queens Quay West,Toronto,Ontario,M5J 1A7,Canada,Banking,45000,,,2025-07-22 12:00,2022-05-16 19:59,1,,,0,,,
8600209467,CHU de Québec-Université Laval,chudequebec.ca,chudequebec.ca,https://linkedin.com/company/centre-hospitalier-universitaire-de-qu-bec,14185254444,11 Côte du Palais,Quebec,Quebec,G1R 0A2,Canada,Hospital & Health Care,7000,Customer,Lisa Israelovitch,2025-11-05 11:52,2022-05-04 14:21,4,1,,0,,,
42692459843,ChristianaCare Cecil County,uhcc.com,uhcc.com,https://linkedin.com/company/union-hospital-of-cecil-county,14103927033,106 Bow Street,Elkton,Maryland,21921,United States,Hospital & Health Care,550,Contact,Josh Buehler,,2025-10-27 11:46,1,,New,0,,,
17306174848,ChristianaCare,christianacare.org,christianacare.org,https://linkedin.com/company/christianacare,13026237440,501 W 14th St,Wilmington,Delaware,19801,United States,Hospital & Health Care,13800,Contact,Lisa Israelovitch,,2023-09-12 22:16,5,,New,0,,,christiana.org; uhcc.com
44096369493,Choctaw Nation Health Services Authority,cnhsa.com,cnhsa.com,, +1 918-567-7000,1 Choctaw Way,Talihina,Oklahoma,74571,United States,,90,Contact,,,2025-11-06 14:19,1,,New,0,,,
43252638256,CHN Health Care Group,chninc.com,chninc.com,https://linkedin.com/company/community-health-network-inc,,747 Washington Street,Holliston,Massachusetts,1746,United States,"Health, Wellness and Fitness",30,Contact,,,2025-10-30 21:47,1,,New,,,,
49774093999,Childrens of Alabama,childrensal.org,childrensal.org,,,,,,,,,,Contact,,,2026-01-26 18:09,0,,New,,,,
49767589906,Childrens Hospital Colorado System,childrenscolorado.org,childrenscolorado.org,,,,,,,,,,Contact,,,2026-01-26 18:09,0,,New,,,,
46767132030,Children's Wisconsin,childrenswi.org,childrenswi.org,https://linkedin.com/company/childrenswi, +1 414-266-2329,8915 West Connell Court,Milwaukee,Wisconsin,53226,United States,Hospital & Health Care,3500,Opportunity,Stephen Boswell,2026-02-09 17:00,2025-12-08 20:04,3,1,,1,2026-01-20 15:49,Request a demo: Demo Request,
8550120095,Children's National Hospital,childrensnational.org,childrensnational.org,https://linkedin.com/company/children,18888842327,111 Michigan Avenue Northwest,Washington,District of Columbia,20010,United States,Hospital & Health Care,7000,Contact,,2023-06-01 7:29,2022-04-28 8:52,8,,New,0,,,
42692613676,Children's Minnesota,childrensmn.org,childrensmn.org,https://linkedin.com/company/children, +1 978-462-9311,345 Smith Avenue North,Saint Paul,Minnesota,55102,United States,Hospital & Health Care,2750,Contact,Josh Buehler,,2025-10-27 11:46,1,,New,0,,,
17745686446,Children's Hospital of Philadelphia,chop.edu,chop.edu,https://linkedin.com/company/the-childrens-hospital-of-philadelphia, +1 800-879-2467,3401 Civic Center Blvd,Philadelphia,Pennsylvania,19104,United States,Hospital & Health Care,7127,Contact,Lisa Israelovitch,2023-11-06 7:19,2023-10-20 6:57,16,,New,0,,,
30418042467,Children's Hospital Los Angeles,chla.org,https://www.chla.org,https://linkedin.com/company/children,13236602450,4650 W Sunset Blvd,Los Angeles,California,90027,United States,Hospital & Health Care,4430,Contact,Lisa Israelovitch,,2025-02-26 10:21,1,,New,0,,,
39351520522,CHI Health,chihealth.com,chihealth.com,https://linkedin.com/company/chi-health,,2301 North 117th Avenue,Omaha,Nebraska,68164,United States,Hospital & Health Care,5250,Contact,,,2025-09-11 13:33,1,,New,0,,,
39368342791,Cheyenne Regional Medical Center,crmcwy.org,crmcwy.org,https://linkedin.com/company/cheyenne-regional-medical-center,,214 East 23rd Street,Cheyenne,Wyoming,82001,United States,Hospital & Health Care,3500,Contact,,,2025-09-11 13:33,1,,,0,,,
50703885895,CHEO,cheo.on.ca,cheo.on.ca,,,401 Smyth Rd.,Ottawa,ON,K1H 8L1,,,,Contact,MacKenzie Masten,,2026-02-05 16:15,1,,,0,,,
28885662209,Chartis,chartis.com,chartis.com,https://linkedin.com/company/the-chartis-group, +1 617-797-6965,220 West Kinzie Street,Chicago,Illinois,60654,United States,"Health, Wellness and Fitness",720,Contact,Lisa Israelovitch,2026-02-04 18:48,2025-01-22 21:35,3,,,0,,,
43987857563,Charleston Area Medical Center,camc.org,camc.org,https://linkedin.com/company/camc-health-system,13043887530,,Charleston,West Virginia,25301,United States,Hospital & Health Care,8000,Contact,,,2025-11-05 13:01,1,,New,0,,,
46905938788,Chadron Community Hospital,chadronhospital.com,chadronhospital.com,https://linkedin.com/company/chadron-community-hospital-and-health-services,13084325586,825 Centennial Drive,Chadron,Nebraska,69337,United States,Hospital & Health Care,77,Contact,,,2025-12-09 14:23,1,,,0,,,
14751416740,Certn,certn.co,certn.co,https://linkedin.com/company/certn, +1 844-822-3786,838 Fort Street,Victoria,British Columbia,V8W 1H8,Canada,Information Services,260,Contact,Josh Buehler,2026-02-04 11:12,2023-02-20 13:49,1,,,0,,,
8112091921,Centre de services scolaire de la Rivière-du-Nord (CHUM),ssss.gouv.qc.ca,ssss.gouv.qc.ca,https://linkedin.com/company/gouvernement-du-quebec-carriere,8776444545,875 Grande Allée Est,Quebec,Quebec,G1K 7T3,Canada,Government Administration,3847,Customer,Lisa Israelovitch,2026-02-10 13:37,2022-03-05 21:48,52,1,,0,,,
50703885894,Centra Health,centrahealth.com,centrahealth.com,,,1901 Tate Springs Rd.,Lynchburg,VA,24501,,,,Contact,MacKenzie Masten,,2026-02-05 16:15,1,,,0,,,
39365556782,Center for Specialty Care,centerforspecialtycare.com,centerforspecialtycare.com,https://linkedin.com/company/center-for-speciaty-care---fairmont,15072384949,717 South State Street,Fairmont,Minnesota,56031,United States,Hospital & Health Care,6,Contact,,,2025-09-11 13:33,1,,,0,,,
8577053008,Centech,centech.co,centech.co,https://linkedin.com/company/centech-mtl, +1 514-396-8552,1000 Rue Saint-Jacques,Montreal,Quebec,H3C 1G7,Canada,Industrial Automation,30,,Lisa Israelovitch,2025-11-27 16:00,2022-05-01 23:38,12,,,0,,,
10846660748,Cedars-Sinai,cshs.org,cshs.org,https://www.linkedin.com/company/7508,13238662861,8700 Beverly Boulevard,West Hollywood,California,90048,United States,Hospital & Health Care,9660,Contact,,2025-06-03 8:00,2023-01-18 9:52,5,,New,0,,,cedars-sinaihealthassociates.com
15340552869,CDPQ,cdpq.com,cdpq.com,https://linkedin.com/company/cdpq,15148423261,1000 Place Jean-Paul-Riopelle,Montreal,Quebec,H2Z 2B3,Canada,Investment Management,890,Contact,,2023-03-30 12:49,2023-03-30 9:08,2,,,0,,,
16916050358,Carta,carta.com,carta.com,https://linkedin.com/company/carta, +1 650-669-8381,333 Bush Street,San Francisco,California,94104,United States,Computer Software,1618,Contact,Lisa Israelovitch,2025-06-04 11:00,2023-08-10 18:13,0,,,,,,
49767434528,Carolinas Health System - Teen Health Connection,teenhealthconnection.org,teenhealthconnection.org,,,,,,,,,,Contact,,,2026-01-26 18:09,0,,New,,,,
35568607087,Carle Health,carle.org,carle.org,https://linkedin.com/company/carle-foundation-hospital, +1 217-383-3138,611 W Park St,Urbana,Illinois,61801,United States,Hospital & Health Care,4250,Contact,Greg Zenko,2025-06-30 15:02,2025-06-30 15:02,1,,New,0,,,carle.com
10633483919,Caristix,caristix.com,caristix.com,https://linkedin.com/company/caristix,14188724000,1400 Avenue Saint Jean Baptiste,Quebec,Quebec,G2E 5B7,Canada,Information Technology and Services,19,Contact,,2026-02-10 14:30,2023-01-11 13:39,1,,,0,,,
17745876295,carillionclinic.org,carillionclinic.org,carillionclinic.org,,15407312558,,,,,Netherlands,,,Contact,Lisa Israelovitch,2023-10-28 13:57,2023-10-20 6:57,1,,New,0,,,
15507289190,Carilion Clinic,carilionclinic.org,carilionclinic.org,https://www.linkedin.com/company/carilion-clinic,5409820349,1906 Bellview Ave.,Roanoke,VA,24022,United States,Hospital & Health Care,10000,Contact,Greg Zenko,2025-07-21 14:40,2023-04-19 12:41,8,,New,0,,,
30404274745,Caresyntax,caresyntax.com,caresyntax.com,https://linkedin.com/company/caresyntax,,745 Boylston Street,Boston,Massachusetts,2116,United States,Hospital & Health Care,210,Contact,Lisa Israelovitch,,2025-02-26 10:21,1,,,0,,,
8874747660,CarePoint Health,carepointhealth.org,carepointhealth.org,https://linkedin.com/company/carepoint-health-system,12018218900,176 Palisade Ave,Jersey City,New Jersey,7306,United States,Hospital & Health Care,760,Contact,Lisa Israelovitch,2022-10-03 16:22,2022-06-08 10:13,10,,New,0,,,
42907224941,Cardinal Health,cardinalhealth.com,cardinalhealth.com,https://linkedin.com/company/cardinal-health,16147575000,7000 Cardinal Pl,Dublin,Ohio,43017,United States,Pharmaceuticals,57700,Contact,Josh Buehler,2025-12-05 14:59,2025-10-27 20:09,3,,Connected,0,,,
10409462816,Carbon Direct Capital,carbondirectcapital.com,carbondirectcapital.com,https://linkedin.com/company/carbon-direct-capital,,,New York,New York,10004,United States,Investment Management,15,Contact,,2022-12-21 11:20,2022-12-20 19:20,1,,,0,,,
39356555885,Capstone,capstonehealthalliance.com,capstonehealthalliance.com,https://linkedin.com/company/capstone-health-alliance,18284185050,3616 Hendersonville Road,Fletcher,North Carolina,28732,United States,Hospital & Health Care,32,Contact,,,2025-09-10 15:41,2,,,0,,,
50610665064,Capital Health,capitalhealth.org,capitalhealth.org,,,750 Brunswick Ave.,Trenton,NJ,8638,,,,Contact,MacKenzie Masten,,2026-02-05 16:15,1,,,0,,,
39367031183,Cape Fear Valley Health,capefearvalley.com,capefearvalley.com,https://linkedin.com/company/cape-fear-valley-health,,1638 Owen Dr,Fayetteville,North Carolina,28304,United States,Hospital & Health Care,2500,Contact,,,2025-09-10 15:41,1,,New,0,,,
39343488313,Cambridge Health Alliance,challiance.org,challiance.org,https://linkedin.com/company/cambridge-health-alliance,16173817266,1493 Cambridge Street,Cambridge,Massachusetts,2139,United States,Hospital & Health Care,4500,Contact,Josh Buehler,2025-10-15 18:51,2025-09-11 13:33,1,,New,0,,,
14921272628,Calendly,calendly.com,calendly.com,https://linkedin.com/company/calendly,493040817300,3423 Piedmont Road Northeast,Atlanta,Georgia,30305,United States,Computer Software,424,Contact,,,2023-03-01 15:43,1,,,0,,,
15994880649,C100,thec100.org,thec100.org,https://linkedin.com/company/the-c100, +1 843-670-6854,149 NEW MONTGOMERY ST 4TH FLOOR SUI,San Francisco,California,94103,United States,Information Technology and Services,157,Contact,Lisa Israelovitch,,2023-06-07 20:39,1,,,0,,,
46934074654,Butterfly,butterfly.healthcare,butterfly.healthcare,,17145879077,,,,,,,17,Contact,,,2025-12-09 14:23,1,,,0,,,
10288813435,Business Wire,businesswire.com,businesswire.com,https://linkedin.com/company/business-wire,18883819473,40 E 52nd St,New York,New York,10022,United States,Media Production,909,Lead,,2023-04-12 17:25,2022-12-08 16:46,1,,,0,,,
17306272782,"BSC Management,",bscmanage.com,bscmanage.com,https://linkedin.com/company/bsc-management,3104370585,11300 West Olympic Boulevard,Los Angeles,California,90064,United States,Non-Profit Organization Management,75,Contact,Lisa Israelovitch,,2023-09-12 22:16,1,,,0,,,
36898068755,Bryan Health,bryanhealth.org,bryanhealth.org,https://linkedin.com/company/bryan-health,,1600 South 48th Street,Lincoln,Nebraska,68506,United States,Hospital & Health Care,2000,Contact,Greg Zenko,2025-07-28 19:50,2025-07-28 19:50,1,,New,0,,,
49780482094,Brunswick Hospital Center Psychiatric Hospital (AKA Brunswick Hall),brunswickhospitalcenter.org,brunswickhospitalcenter.org,,,,,,,,,,Contact,,,2026-01-26 18:09,0,,New,,,,
9754556774,Brown University,brown.edu,brown.edu,https://linkedin.com/school/brown-university, +1 401-863-1000,195 Angell Street,Providence,Rhode Island,2940,United States,Higher Education,819,Contact,,2025-04-08 15:03,2022-10-06 18:50,1,,New,0,,,
9751397514,Brown Physicians,brownphysicians.org,brownphysicians.org,https://linkedin.com/company/brown-physicians,4014447815,110 Elm Street,Providence,Rhode Island,2903,United States,Hospital & Health Care,180,Lead,,,2022-10-06 9:01,1,,,0,,,
30005267245,Brightside Surgical,brightsidesurgical.com,https://brightsidesurgical.com,,17018771550,401 North 9th Street,Bismarck,North Dakota,58501,United States,Hospital & Health Care,26,Contact,Lisa Israelovitch,,2025-02-16 12:00,1,,New,0,,,
9971758351,Bridgit,gobridgit.com,gobridgit.com,https://linkedin.com/company/bridgit,18007832127,4417 North 40th Street,Waterloo,Ontario,N2J 0A1,Canada,Construction,150,Lead,,2025-12-18 13:30,2022-11-03 19:16,1,,,0,,,
49778122127,BridgePoint Healthcare (FKA Specialty Hospitals of Washington),bridgepointhealthcare.com,bridgepointhealthcare.com,,,,,,,,,,Contact,,,2026-01-26 18:09,0,,New,,,,
50818559514,Bregal Sagemount,sagemount.com,sagemount.com,https://linkedin.com/company/bregal-sagemount,16467987770,277 Park Avenue,New York,New York,10001,United States,Capital Markets,30,Contact,Lisa Israelovitch,2026-02-09 14:36,2026-02-08 21:59,1,,,0,,,
9784245506,Brasswater,brasswater.ca,brasswater.ca,https://linkedin.com/company/brasswater-inc,15144984444,,,,,Canada,Real Estate,39,Lead,,2024-04-02 17:00,2022-10-11 11:05,2,,,0,,,
44060706382,Bozeman Health,bozemanhealth.org,bozemanhealth.org,https://linkedin.com/company/bozemanhealth,,915 Highland Blvd.,Bozeman,MT,59718,United States,Hospital & Health Care,1500,Opportunity,Stephen Boswell,2026-02-06 18:59,2025-11-06 14:19,4,1,New,0,,,
49768508789,Boys Town National Research Hospital,boystownhospital.org,boystownhospital.org,,,,,,,,,,Contact,,,2026-01-26 18:09,0,,New,,,,
17543271982,BoxOne Ventures,boxone.xyz,boxone.xyz,https://linkedin.com/company/boxoneventures,,1001 Rue Lenoir,Montreal,Quebec,H4C 2Z6,Canada,Venture Capital & Private Equity,5,Contact,Lisa Israelovitch,,2023-10-02 15:14,1,,,0,,,
15690640973,Boston Scientific,bsci.com,bsci.com,https://linkedin.com/company/boston-scientific-cork, +81 50-8683-4000,Model Farm Road,Cork,County Cork,160-0023,Ireland,Medical Devices,45000,Contact,Lisa Israelovitch,2023-05-30 7:07,2023-05-08 22:36,1,,,0,,,
18292981868,Boston Medical Center,bmc.org,bmc.org,https://linkedin.com/company/boston-medical-center, +1 617-638-8500,1 Boston Medical Ctr Pl,Boston,Massachusetts,2118,United States,Hospital & Health Care,7250,Lead,Shawn Sefton,2024-12-13 15:09,2023-12-01 12:51,4,,In Progress,0,,,
8913784121,Boston Children's Hospital,childrens.harvard.edu,childrens.harvard.edu,https://linkedin.com/school/harvard-medical-school,16174951000,86 Brattle St,Cambridge,Massachusetts,2138,United States,Hospital & Health Care,30243,Lead,Lisa Israelovitch,2025-06-18 16:55,2022-06-14 9:29,5,,In Progress,0,,,
8683690331,Boreal Ventures,boreal.vc,boreal.vc,https://linkedin.com/company/borealvc,,,Montreal,Quebec,,Canada,Venture Capital & Private Equity,5,,,2023-08-09 18:43,2022-05-12 17:03,3,,,0,,,
49761087339,Bon Secours Mercy Health,bsmhealth.org,bsmhealth.org,,,,,,,,,,Contact,,,2026-01-26 18:09,0,,New,,,,
15040379755,Boca Raton Regional Hospital,brrh.com,brrh.com,https://linkedin.com/company/boca-raton-regional-hospital,17865946000,800 Meadows Road,Boca Raton,Florida,33486,United States,Hospital & Health Care,2000,Contact,,,2023-03-09 18:57,1,,New,0,,,
8550003494,BML Technology,bmlhealth.com,bmlhealth.com,https://linkedin.com/company/bml-technology-consulting, +1 514-969-9503,600 Boulevard de Maisonneuve Ouest,Montreal,Quebec,H3A 3J2,Canada,Computer Software,5,,Lisa Israelovitch,2026-02-03 9:48,2022-04-28 8:46,1,,,0,,,
9210673937,Blue Vision Capital,bluevisioncapital.com,bluevisioncapital.com,https://linkedin.com/company/bluevisioncapital,,,Montreal,Quebec,,Canada,Capital Markets,5,Lead,,2023-05-02 12:34,2022-07-22 15:33,4,,,0,,,
23947725637,Blue Heron Capital,blueheroncap.com,blueheroncap.com,https://linkedin.com/company/blue-heron-capital,18042123400,1519 Summit Ave,Richmond,Virginia,23230,United States,Venture Capital & Private Equity,30,Opportunity,Josh Buehler,2024-11-12 8:00,2024-10-18 9:30,1,1,,0,,,
44063028761,Blessing Health System,blessinghealth.org,blessinghealth.org,https://linkedin.com/company/blessing-health,,1005 Broadway Street,Quincy,Illinois,62301,United States,Hospital & Health Care,1750,Contact,,,2025-11-06 14:19,2,,New,0,,,
17271153534,BioSTL,biostl.org,biostl.org,https://linkedin.com/company/biostl,3148808877,7515 Forsyth Boulevard,St. Louis,Missouri,63105,United States,Biotechnology,30,Contact,Lisa Israelovitch,2023-09-21 9:05,2023-09-08 17:54,0,,,,,,
50943470473,Beverly Hospital,beverly.org,beverly.org,https://linkedin.com/company/beverly-community-hospital,,309 West Beverly Boulevard,Montebello,California,90640,United States,Hospital & Health Care,780,Contact,Josh Buehler,,2026-02-09 13:49,1,,,0,,,
22206724275,Beth Israel Lahey Health,bilh.org,bilh.org,https://linkedin.com/company/beth-israel-lahey-health,19782834000,20 University Rd,Cambridge,Massachusetts,2138,United States,Hospital & Health Care,3250,Contact,Lisa Israelovitch,2025-12-31 13:28,2024-08-02 17:28,3,,New,0,,,
8777343852,Beth Israel Deaconess Medical Center (BIDMC) (Harvard University),bidmc.harvard.edu,bidmc.harvard.edu,https://linkedin.com/school/harvard-medical-school,16174951000,86 Brattle St,Cambridge,Massachusetts,2138,United States,Higher Education,30243,,Lisa Israelovitch,2024-09-18 9:00,2022-05-24 17:13,2,,,0,,,
14758037600,BetaKit,betakit.com,betakit.com,https://linkedin.com/company/betakit,8.88E+09,46 Spadina Avenue,Toronto,Ontario,M5V 2H8,Canada,Online Media,50,Contact,,2023-02-28 14:51,2023-02-21 12:42,2,,,0,,,
30418215430,Bellin Hospital,bellin.org,https://bellin.org,https://linkedin.com/company/bellin-health,19204368693,744 S Webster Ave,Green Bay,Wisconsin,54301,United States,Hospital & Health Care,3759,Contact,Lisa Israelovitch,,2025-02-26 10:21,1,,New,0,,,
49750911544,Bellefonte Hospital,arccenters.com,arccenters.com,,,,,,,,,,Contact,,,2026-01-26 18:09,0,,New,,,,
9226461028,Beautiful.ai,beautiful.ai,beautiful.ai,https://linkedin.com/company/beautiful-ai,14155253183,225 Van Ness Avenue,San Francisco,California,94102,United States,Computer Software,97,Lead,,,2022-07-24 13:38,0,,,,,,
49769436972,Bear Lake Memorial Hospital,blmhospital.com,blmhospital.com,,,,,,,,,,Contact,,,2026-01-26 18:09,0,,New,,,,
39364631714,Beacon Health System,beaconhealthsystem.org,beaconhealthsystem.org,https://linkedin.com/company/beacon-health-system,15746477430,615 N Michigan St,South Bend,Indiana,46601,United States,Hospital & Health Care,7000,Contact,,,2025-09-11 13:33,3,,New,0,,,
50408857239,BDT & MSD,bdtmsd.com,bdtmsd.com,https://linkedin.com/company/bdtmsd-partners, +1 312-660-7300,,New York,New York,10001,United States,Financial Services,450,Contact,Lisa Israelovitch,2026-02-02 10:03,2026-01-31 12:35,2,,,0,,,
8777557135,BDO Canada,bdo.ca,bdo.ca,https://linkedin.com/company/bdo-canada,14163693103,36 Toronto St,Toronto,Ontario,M5E 1C5,Canada,Accounting,111307,,,2025-11-27 16:00,2022-05-24 18:22,3,,,0,,,
8895857554,BDC,bdc.ca,bdc.ca,https://linkedin.com/company/bdc, +1 877 232 2269,5 Place Ville Marie,Montreal,Quebec,H3B 5M1,Canada,Banking,3500,,Lisa Israelovitch,2023-12-08 14:45,2022-06-11 0:12,5,,,0,,,
30406269522,"BD Perioperative and Healthcare Consulting, LLC",bdperiopconsulting.com,https://www.bdperiopconsulting.com,,14104749074,10791 East 28th Avenue,Denver,Colorado,80238,United States,Professional Training & Coaching,,Contact,Lisa Israelovitch,,2025-02-26 10:21,1,,,0,,,
35575385901,Baylor Scott & White Health,bswhealth.org,bswhealth.org,,,,,Texas,,United States,Hospital & Health Care,16540,Contact,Greg Zenko,2025-08-20 11:43,2025-06-30 11:37,3,,New,0,,,bswhealth.com
45285736307,BayCare,baycare.org,baycare.org,https://linkedin.com/company/baycare-health-system, +1 727-519-1363,2985 Drew Street,Clearwater,Florida,33759,United States,Hospital & Health Care,5893,Contact,Lisa Israelovitch,,2025-02-26 10:21,4,,New,1,2026-02-10 11:12,Learn more about AssistIQ and enter to win an Oura Ring: Demo Request,baycarepharmacyresidency.com
18239581264,Battery Ventures,battery.com,battery.com,https://linkedin.com/company/battery-ventures,18773262288,1 MARINA PARK DR,Boston,Massachusetts,2212,United States,Capital Markets,100,Contact,Lisa Israelovitch,2026-02-09 19:00,2023-11-27 15:42,3,,,0,,,
49775643406,Baton Rouge General Medical Center Health System,brgeneral.org,brgeneral.org,,,,,,,,,,Contact,,,2026-01-26 18:09,0,,New,,,,
18059491238,Bassett Healthcare Network,bassett.org,bassett.org,https://linkedin.com/company/bassett-healthcare, +1 540-629-6209,1 Atwell Road,Cooperstown,New York,13326,United States,Hospital & Health Care,1500,Contact,Lisa Israelovitch,2024-12-09 11:50,2023-11-13 10:36,2,,New,0,,,
31856526921,Basin Lake Capital,basinlake.com,basinlake.com,,17752348831,5150 Mae Anne Avenue,Reno,Nevada,89523,United States,Venture Capital & Private Equity,5,Contact,Lisa Israelovitch,,2025-04-07 16:22,1,,,0,,,
16225748795,Base10,base10.vc,base10.vc,https://linkedin.com/company/base10-partners,,727 Sansome Street,San Francisco,California,94111,United States,Venture Capital & Private Equity,10,Contact,Lisa Israelovitch,2023-08-14 18:34,2023-06-25 23:10,1,,,0,,,
30420285078,Barnes-Jewish and Christian,bjc.org,bjc.org,https://linkedin.com/company/bjc-healthcare,,4901 Forest Park Avenue,St. Louis,Missouri,63108,United States,Hospital & Health Care,31510,Contact,Lisa Israelovitch,,2025-02-26 10:21,2,,New,0,,,
49766507333,Barnes Kasson County Hospital,barnes-kasson.org,barnes-kasson.org,,,,,,,,,,Contact,,,2026-01-26 18:09,0,,New,,,,
35016599555,"Baptist Health Medical Center, North Little Rock",baptist-health.org,baptist-health.org,,18882278478,,Little Rock,Arkansas,,United States,Hospital & Health Care,10000,Contact,Lisa Israelovitch,2025-06-12 16:08,2025-06-12 16:58,3,,New,0,,,
15275567933,Baptist Health Florida,baptisthealth.net,baptisthealth.net,https://linkedin.com/company/baptisthealthsouthflorida, +1 786-662-7178,6855 Red Road,Miami,Florida,33143,United States,Hospital & Health Care,6873,Contact,Josh Buehler,2023-03-22 22:59,2023-03-23 22:19,4,,New,0,,,brrh.com
43254496599,Baptist Health Care,ebaptisthealthcare.org,ebaptisthealthcare.org,https://linkedin.com/company/baptist-health-care,,1000 West Moreno Street,Pensacola,Florida,32501,United States,Hospital & Health Care,1750,Contact,,,2025-10-30 21:47,1,,New,,,,bhcpns.org
49751993869,Baptist Health (Jacksonville FL),baptistjax.com,baptistjax.com,,,,,,,,,,Contact,,,2026-01-26 18:09,0,,New,,,,
34520038503,Baptist Health,bhsi.com,bhsi.com,https://linkedin.com/company/baptist-health-kentucky,18592605133,,Louisville,KY,,United States,Hospital & Health Care,10,Customer,Steve Kittleson,2026-02-09 9:48,2025-05-30 21:44,18,1,Open Deal,0,,,baptisthealth.com
36498184017,Banner Health,bannerhealth.com,bannerhealth.com,https://linkedin.com/company/banner-health,,2901 North Central Avenue,Phoenix,Arizona,85012,United States,Hospital & Health Care,50000,Contact,Lisa Israelovitch,2026-02-09 11:47,2025-07-20 19:39,2,,New,0,,,
39722506928,Balt Group,baltgroup.com,baltgroup.com,https://linkedin.com/company/balt-group,,10 Rue de la Croix Vigneron,Montmorency,Ile-de-France,95160,France,Medical Devices,480,Contact,Lisa Israelovitch,2025-09-19 18:12,2025-09-19 21:36,4,,,0,,,
39372410992,Ballad Health,balladhealth.org,balladhealth.org,https://linkedin.com/company/ballad-health,18003661132,408 North State of Franklin Road,Johnson City,Tennessee,37615,United States,Hospital & Health Care,13800,Contact,,,2025-09-11 13:33,1,,New,0,,,
9721920856,BairesDev,bairesdev.com,bairesdev.com,https://linkedin.com/company/bairesdev, +1 408-478-2739,547 Bouchard,Campbell,Buenos Aires,C1001,Argentina,Information Technology and Services,4000,Lead,,,2022-10-03 11:40,1,,,0,,,
10926833468,Ayming Canada,ayming.ca,ayming.ca,https://www.linkedin.com/company/ayming,15149310166,,Quebec,Quebec,,Canada,Management Consulting,3,Contact,Lisa Israelovitch,2023-11-17 9:14,2023-01-24 14:09,4,,,0,,,
50110023346,Ax.c,espaceaxc.com,espaceaxc.com,https://linkedin.com/company/ax-c,,,,,,,Publishing,5,Contact,Lisa Israelovitch,2026-01-29 12:50,2026-01-28 21:49,2,,,0,,,
9956587167,Awake Labs,awakelabs.com,awakelabs.com,https://linkedin.com/company/awakelabs, +1 604-790-9805,6163 University Boulevard,Dover,Delaware,19901,United States,Information Technology and Services,15,Lead,,2022-11-14 19:04,2022-11-02 9:46,1,,,0,,,
14937735843,avogtal.services,avogtal.services,avogtal.services,,,,,,,,,149,Contact,,,2023-03-03 8:46,1,,,0,,,
42568070729,Avera Health,avera.org,avera.org,https://linkedin.com/company/avera-health,,3900 West Avera Drive,Sioux Falls,South Dakota,57108,United States,Hospital & Health Care,4500,Contact,Josh Buehler,,2025-10-27 11:46,1,,New,0,,,
21505091896,Avenue Growth Partners,avenuegp.com,avenuegp.com,https://linkedin.com/company/avenuegrowth,,,Washington,District of Columbia,20001,United States,Investment Management,15,Contact,Lisa Israelovitch,,2024-06-19 9:57,1,,,0,,,
15137882763,Avatek eBin,grp-co.com,grp-co.com,,15142494737,,,,,,Business Supplies and Equipment,2250,Contact,,2023-10-07 9:56,2023-03-14 21:06,1,,,0,,,
10248026134,Avanade,avanade.com,avanade.com,https://linkedin.com/company/avanade,18442826233,818 Stewart St,Seattle,Washington,98101,United States,Information Technology and Services,50000,Lead,,2022-12-05 15:48,2022-12-05 15:46,0,,,,,,
46776031007,AVALA,avala.com,avala.com,https://linkedin.com/company/avala,,67252 Industry Lane,Covington,Louisiana,70433,United States,Hospital & Health Care,150,Contact,,,2025-12-08 20:04,2,,,0,,,
50837095539,Aurora Advisors,aurora-hq.com,aurora-hq.com,,16155872603,3500 Challenger Street,Torrance,California,90503,United States,Management Consulting,,Contact,Lisa Israelovitch,2026-02-09 17:04,2026-02-08 22:16,1,,,0,,,
35571332501,Aultman Hospital,aultman.com,aultman.com,https://linkedin.com/company/aultman-home-medical-supply, +1 330-438-7415,2600 6th SW St,Canton,Ohio,44710,United States,Hospital & Health Care,5,Contact,Greg Zenko,2025-07-21 14:48,2025-06-30 13:07,1,,New,0,,,
49767589905,Audubon County Memorial Hospital,acmhhosp.org,acmhhosp.org,,,,,,,,,,Contact,,,2026-01-26 18:09,0,,New,,,,
42882175386,Atrium Health Wake Forest Baptist,wakehealth.edu,wakehealth.edu,https://linkedin.com/company/atrium-health-wake-forest-baptist,,Medical Center Boulevard,Winston-Salem,North Carolina,27103,United States,Hospital & Health Care,8750,Contact,Josh Buehler,,2025-10-27 11:46,1,,New,0,,,
17726247277,Atrium Health,atriumhealth.org,atriumhealth.org,https://www.linkedin.com/company/atrium-health-us, +1 800-821-1535,1000 Blythe Boulevard,Charlotte,NC,28232,United States,Hospital & Health Care,10000,Opportunity,Lisa Israelovitch,2025-09-08 11:40,2023-10-18 22:32,11,1,New,0,,,
36908904224,Atlantic Health System,atlantichealth.org,atlantichealth.org,https://linkedin.com/company/atlantic-health,18338990028,99 Beauvoir Avenue,Summit,New Jersey,7901,United States,Hospital & Health Care,18000,Contact,Greg Zenko,2025-07-28 19:53,2025-07-28 19:53,6,,New,0,,,
15774508369,Athena Life Sciences Consultancy,athenalifesciences.ie,athenalifesciences.ie,https://linkedin.com/company/athena-life-sciences-consultancy-ltd,,,,,,,Professional Training & Coaching,5,Contact,Lisa Israelovitch,2023-05-30 7:07,2023-05-17 13:46,1,,,0,,,
30417239906,Association for Healthcare Resource & Materials Management,ahrmm.org,https://www.ahrmm.org,https://linkedin.com/company/association-for-healthcare-resource,13124223840,155 North Upper Wacker Drive,Chicago,Illinois,60606,United States,Hospital & Health Care,5,Contact,Lisa Israelovitch,2025-03-12 11:00,2025-02-26 10:21,1,,,0,,,
8691311969,AssistIQ,assistiq.ai,assistiq.ai,https://linkedin.com/company/assistiq,,,Montreal,Quebec,,Canada,Computer Software,10,,MacKenzie Masten,2026-02-09 23:58,2022-05-13 13:18,10,1,,2,2026-01-21 11:58,Demo Request,
39356786944,Aspirus,aspirus.org,aspirus.org,https://linkedin.com/company/aspirus,17158472380,425 Pine Ridge Boulevard,Wausau,Wisconsin,54401,United States,Hospital & Health Care,525,Contact,,,2025-09-11 13:33,1,,New,0,,,
15689899845,Ascension Ventures,ascensionventures.org,ascensionventures.org,https://linkedin.com/company/ascension-ventures, +1 314-733-8000,4600 Edmundson Road,St. Louis,Missouri,63134,United States,"Health, Wellness and Fitness",30,Contact,Lisa Israelovitch,2023-05-26 16:04,2023-05-08 20:07,1,,,0,,,
10248286235,Ascension,ascension.org,ascension.org,https://www.linkedin.com/company/ascensionorg,3147338000,4600 Edmundson Rd,Clayton,MO,63105,United States,Hospital & Health Care,100000,Lead,Lisa Israelovitch,2025-04-21 15:54,2022-12-05 16:07,4,,In Progress,0,,,
15311834940,Asana,email1.asana.com,email1.asana.com,https://linkedin.com/company/asana,14155253888,633 Folsom Street,San Francisco,California,94107,United States,Computer Software,1819,Contact,,2023-03-28 12:30,2023-03-27 17:51,1,,,0,,,
18878152765,Arthur Ventures,arthurventures.com,arthurventures.com,https://linkedin.com/company/arthur-ventures,17012323521,80 South 8th Street,Minneapolis,Minnesota,55402,United States,Venture Capital & Private Equity,25,Contact,Lisa Israelovitch,2024-07-18 13:00,2024-01-29 10:03,1,,,0,,,
50618110809,Artesia General Hospital,artesiageneral.com,artesiageneral.com,https://linkedin.com/company/artesia-general-hospital,15757483333,702 North 13th Street,Artesia,New Mexico,88210,United States,Hospital & Health Care,250,Contact,MacKenzie Masten,,2026-02-03 17:30,1,,,0,,,
9971758353,Arteria AI,arteria.ai,arteria.ai,https://linkedin.com/company/arteria-ai,14166070741,10 White's Row,Tower Hamlets,England,E1 7NF,United Kingdom,Information Technology and Services,109,Lead,,2025-12-18 13:30,2022-11-03 19:16,1,,,0,,,
28881719425,Armory Square Ventures,armorysv.com,armorysv.com,https://linkedin.com/company/armory-square-ventures,,211 West Jefferson Street,Syracuse,New York,13202,United States,Venture Capital & Private Equity,10,Contact,Josh Buehler,2025-02-27 22:33,2025-01-22 15:22,1,,,0,,,
49761396393,Ardent (FKA Ardent Health Services),ardenthealth.com,https://ardenthealth.com,https://linkedin.com/company/ardent-health-services,16152963000,340 Seven Springs Way,Brentwood,Tennessee,37027,United States,Hospital & Health Care,15300,Contact,,,2026-01-26 18:09,0,,New,,,,
8995239814,AQC Capital,aqccapital.ca,aqccapital.ca,https://linkedin.com/company/angesquebeccapital,18772697890,,,,,Canada,Venture Capital & Private Equity,5,,,2022-09-15 10:56,2022-06-27 9:18,1,,,0,,,
43196406536,approject.net,approject.net,approject.net,,,,New York,New York,10001,United States,Computer Software,3,Contact,,,2025-10-29 15:15,1,,,1,2025-10-29 15:15,Coffee at Beckers: Pitchers - 2025,
42851643683,Apex,apexnc.org,apexnc.org,, +1 919-249-3400,73 Hunter Street,Apex,North Carolina,27502,United States,Government Administration,37,Contact,Josh Buehler,,2025-10-27 11:46,1,,,0,,,
9777032802,Apella,apella.io,apella.io,https://linkedin.com/company/apella-technology,16195737224,,San Francisco,California,94111,United States,Medical Devices,118,Lead,,2025-12-17 15:43,2022-10-10 15:42,2,,,0,,,
17250177886,AP-HP,aphp.fr,aphp.fr,https://linkedin.com/company/ap-hp,33149812735,55 Boulevard Diderot,Paris,Ile-de-France,75012,France,Hospital & Health Care,100000,Contact,Lisa Israelovitch,2023-09-13 13:46,2023-09-07 9:56,4,,,0,,,
9498206255,Anne Arundel Medical Center,aahs.org,aahs.org,https://www.linkedin.com/company/anne-arundel-medical-center, +1 443-481-1973,2001 Medical Parkway,Annapolis,MD,21401,United States,Hospital & Health Care,5000,Contact,Howard Fried (Deactivated User),2022-10-14 11:59,2022-08-31 11:54,1,,New,,,,
39372108412,Ann & Robert H. Lurie Children's Hospital of Chicago,luriechildrens.org,luriechildrens.org,https://linkedin.com/company/ann-and-robert-h-lurie-children,18005437362,"225 E Chicago Ave., Box 79",Chicago,IL,60611,United States,Hospital & Health Care,4680,Contact,Stephen Boswell,2026-02-06 12:26,2025-09-11 13:33,2,,New,1,2026-02-03 12:35,Learn more about AssistIQ: Demo Request,
39367804591,AnMed Health,anmed.org,anmed.org,https://linkedin.com/company/anmed,,800 North Fant Street,Anderson,South Carolina,29621,United States,Hospital & Health Care,2500,Contact,Lisa Israelovitch,2025-11-22 14:49,2025-09-10 15:41,2,,New,0,,,
43314667816,Anmed,komorahiperbaryczna.net,https://komorahiperbaryczna.net,,48572635144,,,,,,Medical Devices,,Contact,,,2025-10-30 21:47,1,,,,,,
8550039573,Aniq,aniq.net,aniq.net,,12187433701,,,,,,,,,,2022-07-23 11:18,2022-04-28 8:52,1,,,0,,,
15659690121,ANIMO Ventures,animo.vc,animo.vc,https://linkedin.com/company/animoventures,,,Miami,Florida,33131,United States,Fund-Raising,5,Contact,Lisa Israelovitch,2023-06-19 9:56,2023-05-04 18:43,1,,,0,,,
8777674111,Anges Québec,angesquebec.com,angesquebec.com,https://linkedin.com/company/anges-qu-bec,15146421001,3 Place Ville Marie,Quebec,Quebec,H3B 2E3,Canada,Consumer Services,150,,,2022-09-15 10:56,2022-05-24 18:09,2,,,0,,,
16691080078,AngelList,angel.co,angel.co,https://linkedin.com/company/angellist, +1 507-209-9797,2995 Woodside Rd,Redwood City,California,94062,United States,Investment Management,180,Contact,Lisa Israelovitch,2025-02-19 14:32,2023-07-24 16:26,0,,,,,,
39372410993,Anduril Industries,anduril.com,anduril.com,https://linkedin.com/company/andurilindustries,19498911607,,Costa Mesa,California,,United States,Aviation & Aerospace,3500,Contact,,,2025-09-11 13:33,1,,,0,,,
11680047004,AMR Management Services,amrms.com,amrms.com,https://linkedin.com/company/amr-management-services,8595149150,201 East Main Street,Lexington,Kentucky,40507,United States,Non-Profit Organization Management,75,Contact,,,2023-02-03 12:04,1,,,0,,,
8691456932,Amplitude Ventures,amplitudevc.com,amplitudevc.com,https://linkedin.com/company/amplitude-ventures,,3 Place Ville Marie,Montreal,Quebec,H3B 0E7,Canada,Venture Capital & Private Equity,15,,Lisa Israelovitch,2023-05-09 16:55,2022-05-13 13:44,2,,,0,,,
9233799946,Amplify Capital,amplifycapital.ca,amplifycapital.ca,https://linkedin.com/company/amplifycapital,14165501241,,,,M5G 1L7,Canada,Venture Capital & Private Equity,10,Lead,,2022-09-20 6:37,2022-07-25 19:44,2,,,0,,,
49757562987,American Advanced Management Inc (FKA American Specialty Healthcare),americanam.org,americanam.org,,,,,,,,,,Contact,,,2026-01-26 18:09,0,,New,,,,
10204600885,Amazon,amazon.com,amazon.com,https://linkedin.com/company/amazon, +1 206-266-1000,410 Terry Avenue North,Seattle,Washington,98109,United States,Online Media,1541000,Lead,,2025-05-30 11:00,2022-11-29 20:35,1,,,0,,,
8682457429,Amalan Capital,amalancapital.com,amalancapital.com,https://linkedin.com/company/amalan-capital, +1 514-692-3588,"1000 DE LA GAUCHETIERE OUEST, SUITE 2400",Montreal,Quebec,H3C 0L9,Canada,Financial Services,1,,,2022-06-12 11:10,2022-05-12 15:49,1,,,0,,,
15615842644,Altitude/C,altitudec.com,altitudec.com,https://linkedin.com/company/altitude-c,15148764286,55 Avenue du Mont-Royal Ouest,Montreal,Quebec,H2T 2S5,Canada,Events Services,15,Contact,Lisa Israelovitch,,2023-04-29 13:07,1,,,0,,,
8894371903,altasf.ca,altasf.ca,altasf.ca,,,,,,,,,,,,,2022-06-10 18:12,1,,,0,,,
17278833543,Almadiinvestment,almadiinvestmentltd.com,almadiinvestmentltd.com,,,,,,,,,,Contact,Lisa Israelovitch,,2023-09-10 12:10,0,,,,,,
17913773598,Allina Health (Reliance Recoveries),allina.com,allina.com,https://linkedin.com/company/allina-health-system-inc, +1 612-262-4235,2925 Chicago Avenue,Minneapolis,Minnesota,55407,United States,Hospital & Health Care,50,Customer,Lisa Israelovitch,2026-02-10 12:00,2023-11-01 17:04,21,1,,0,,,allinahealth.org
17745564069,alliedhealthsolution.org,alliedhealthsolution.org,alliedhealthsolution.org,,,,,,,,,,Contact,Lisa Israelovitch,2023-11-06 7:19,2023-10-20 6:57,1,,New,0,,,
8496677639,Alley,alleycorp.com,alleycorp.com,https://linkedin.com/company/alleycorp,6467470245,220 5th Avenue,New York,New York,10001,United States,Financial Services,60,,,2023-09-01 8:00,2022-04-20 10:28,2,,,0,,,
17745596579,Allegheny Health Network,ahn.org,ahn.org,https://linkedin.com/company/allegheny-health-network, +1 412-362-8677,4800 Friendship Avenue,Pittsburgh,Pennsylvania,15224,United States,Hospital & Health Care,22000,Contact,Lisa Israelovitch,,2023-10-20 6:57,1,,New,0,,,
18110501779,Alchemy Capital Planning,alchemycp.com,alchemycp.com,https://linkedin.com/company/alchemy-capital-planning-llc,12127685363,599 Lexington Avenue,New York,New York,10022,United States,Accounting,5,Contact,Lisa Israelovitch,2023-11-29 9:30,2023-11-16 14:26,0,,,,,,
39368186939,Alberta Health Services,albertahealthservices.ca,albertahealthservices.ca,https://linkedin.com/company/alberta-health-services,17804271432,,,Alberta,,Canada,Hospital & Health Care,103000,Contact,,,2025-09-11 13:33,1,,New,0,,,
39372108413,Albany Medical College,amc.edu,amc.edu,https://linkedin.com/company/albany-medical-center, +1 518-262-8414,43 New Scotland Avenue,Albany,New York,12208,United States,Hospital & Health Care,4986,Contact,Josh Buehler,,2025-09-11 13:33,3,,New,0,,,
49758802036,Albany MED Health System (FKA Albany Medical Center Health System),albanymed.org,albanymed.org,,,,,,,,,,Contact,,,2026-01-26 18:09,0,,New,,,,
49757409024,Alameda Health System (FKA Alameda County Medical Center),alamedahealthsystem.org,alamedahealthsystem.org,,,,,,,,,,Contact,,,2026-01-26 18:09,0,,New,,,,
9731069710,Aladvisors,aladvisors.co,aladvisors.co,,33170377661,,,,,,,,Lead,,2022-11-18 18:49,2022-10-04 13:02,1,,,0,,,
49777965345,Alabama Department of Mental Health,alabama.gov,alabama.gov,,,,,,,,,,Contact,,,2026-01-26 18:09,0,,New,,,,
9010479529,Akin,akingump.com,akingump.com,https://linkedin.com/company/akin-gump-strauss-hauer,18774224357,1333 New Hampshire NW Ave,Washington,District of Columbia,20036,United States,Legal Services,2320,,,2023-10-10 16:23,2022-06-28 12:07,2,,,0,,,
15583127568,airtconsulting.com,airtconsulting.com,airtconsulting.com,,,,,,,,,,Contact,Lisa Israelovitch,2023-05-01 13:30,2023-04-26 16:14,1,,,0,,,
12633819740,Air Canada,aircanada.ca,aircanada.ca,https://linkedin.com/company/air-canada-reservations-number-phone-number,18884222408,,Montreal,Quebec,,Canada,Airlines/Aviation,30000,Contact,,,2023-02-11 8:52,0,,,,,,
8110015316,aiglesnoirs.com,aiglesnoirs.com,aiglesnoirs.com,,,,,,,,,,,,2022-05-22 15:10,2022-03-05 21:51,1,,,0,,,
30400696932,Agiliti,agilitihealth.com,https://www.agilitihealth.com,https://linkedin.com/company/agilitihealth,19528933200,11095 Viking Drive,Eden Prairie,Minnesota,55344,United States,Hospital & Health Care,2750,Contact,Lisa Israelovitch,,2025-02-26 10:21,1,,,0,,,
43925887785,Aesthetic Surgical Arts,faceandeye.com,faceandeye.com,,15414340922,,Blue Ash,Ohio,,United States,,,Contact,,,2025-11-05 13:01,1,,,0,,,
41061705008,Advocate Health,advocatehealth.org,advocatehealth.org,https://linkedin.com/company/advocate-health,,1111 Metropolitan Avenue,Charlotte,North Carolina,28204,United States,Hospital & Health Care,105,Contact,Lisa Israelovitch,2025-11-23 19:53,2025-10-07 21:07,6,,New,2,2026-02-09 14:43,Learn more about AssistIQ and enter to win an Oura Ring: Demo Request,labtestadvocate.org
17745678727,Advocate Aurora Health,aah.org,aah.org,https://linkedin.com/company/aurora-health-care,18556249366,750 West Virginia Street,Milwaukee,Wisconsin,53204,United States,Hospital & Health Care,75000,Opportunity,Lisa Israelovitch,2025-09-08 11:40,2023-10-20 6:57,10,1,New,0,,,
42725792120,Adventist Health,adventisthealth.org,ah.org,https://linkedin.com/company/adventist-health,19164061353,2100 Douglas Boulevard,Roseville,California,95661,United States,Hospital & Health Care,28600,Contact,Josh Buehler,,2025-10-27 11:46,3,,New,1,2025-10-29 15:09,Coffee at Beckers: Pitchers - 2025,ah.org
15507237436,AdventHealth Orlando,flhosp.org,flhosp.org,https://www.linkedin.com/company/adventhealth,14073035950,,Orlando,Florida,32815,United States,Hospital & Health Care,810,Contact,,2023-05-04 8:08,2023-04-19 12:48,2,,New,0,,,
15507135114,AdventHealth,adventhealth.com,adventhealth.com,https://www.linkedin.com/company/adventhealth, +1 844-876-0241,900 Hope Way,Altamonte Springs,FL,32714,United States,Hospital & Health Care,10000,Contact,Howard Fried (Deactivated User),2026-01-14 15:00,2023-04-19 12:48,13,,New,1,2025-02-28 8:11,"2025 ORBM Webinar Registration: New form (February 10, 2025 1:45:09 PM EST)",
17745813660,Advantus Health Partners,advantushp.com,advantushp.com,https://linkedin.com/company/advantus-health-partners,,1701 Mercy Health Place,Cincinnati,Ohio,45237,United States,Hospital & Health Care,240,Contact,Lisa Israelovitch,2023-10-24 11:04,2023-10-20 6:57,1,,New,0,,,
39357704462,Advantien,advantien.com,advantien.com,https://linkedin.com/company/advantien,13038767644,3800 Buchtel Boulevard South,Denver,Colorado,80210,United States,Hospital & Health Care,19,Contact,,,2025-09-11 13:33,1,,,0,,,
39363468354,Adena Health System,adena.org,adena.org,https://linkedin.com/company/adena-health-system,17407797500,272 Hospital Road,Chillicothe,Ohio,45601,United States,Hospital & Health Care,1250,Opportunity,Lisa Israelovitch,2026-02-09 17:47,2025-09-10 15:41,6,1,New,0,,,
46838475589,Access Intelligence,accessintel.com,accessintel.com,https://linkedin.com/company/access-intelligence, +1 301-354-2000,9211 Corporate Boulevard,Rockville,Maryland,20850,United States,Events Services,270,Contact,MacKenzie Masten,2026-02-03 14:42,2025-12-08 20:04,2,,,0,,,
15516738122,Accenture,accenture.com,accenture.com,https://linkedin.com/company/accenture, +353 1 646 2000,"6 Wilton Pl, Dublin 2, D02 YD51 Wilton Place",Dublin 2,Leinster,D02,Ireland,Information Technology and Services,721000,Contact,Lisa Israelovitch,2023-04-26 11:57,2023-04-20 11:39,3,,,0,,,
10175974972,Accelia Capital,accelia.vc,accelia.vc,https://linkedin.com/company/accelia-capital,,,Montreal,Quebec,,Canada,Venture Capital & Private Equity,5,Lead,Lisa Israelovitch,2023-05-19 12:53,2022-11-24 17:43,3,,,0,,,
15635116864,aaarl,aaarl.ca,aaarl.ca,https://linkedin.com/company/aaarl, +1 647-568-5757,,Toronto,Ontario,,Canada,Higher Education,15,Contact,,,2023-05-02 9:47,1,,,0,,,
15660575623,A4i,a4i.me,a4i.me,https://linkedin.com/company/a4i-inc,,,Toronto,Ontario,,Canada,,5,Contact,Lisa Israelovitch,2023-05-12 12:28,2023-05-04 21:30,1,,,0,,,
16580400926,88 GO,88go.ca,88go.ca,https://linkedin.com/company/88-go-inc,,,,,,Canada,Capital Markets,5,Contact,Lisa Israelovitch,2024-04-28 10:57,2023-07-17 21:22,1,,,0,,,
9649442203,3 Horizons Interactive,3h-i.com,3h-i.com,https://linkedin.com/company/3-horizons-interactive,,,Los Angeles,California,90028,United States,Information Technology and Services,6,Lead,,2022-11-08 19:17,2022-09-22 21:13,1,,,0,,,
17481570991,25madison,25madison.com,25madison.com,https://linkedin.com/company/25madison, +1 917-808-4200,27 East 28th Street,New York,Connecticut,10016,United States,Venture Capital & Private Equity,60,Contact,Lisa Israelovitch,2023-10-26 22:07,2023-09-26 14:30,2,,,0,,,
8496699808,1984 Ventures,1984.vc,1984.vc,https://linkedin.com/company/1984-ventures,,44 Tehama Street,San Francisco,California,94105,United States,Venture Capital & Private Equity,180,,,,2022-04-20 10:28,1,,,0,,,
14905435801,111 West Capital,111westcapital.com,111westcapital.com,https://www.linkedin.com/company/111%C2%B0-west-capital,,,Alpine,Wyoming,83128,United States,,5,Contact,,2023-03-09 0:01,2023-02-28 10:59,1,,,0,,,
50805512011,,mgb.org,mgb.org,,16177263370,,,,,,Hospital & Health Care,,Contact,Lisa Israelovitch,2026-02-09 6:55,2026-02-09 8:14,2,,,,,,
50595532700,,bchmail.org,bchmail.org,,,1015 Union St.,Boone,IA,50036,,,,Contact,MacKenzie Masten,,2026-02-05 16:15,1,,,0,,,
50635133289,,outboundpipeline.co,outboundpipeline.co,,,,,,,,,,Contact,Lisa Israelovitch,2026-02-10 5:00,2026-02-03 18:57,1,,,0,,,
50608412445,,phhs.org,phhs.org,,12145908000,,,Texas,,United States,Hospital & Health Care,10000,Contact,MacKenzie Masten,,2026-02-03 17:30,1,,,0,,,
50467866947,,builtwithscoutreach.com,builtwithscoutreach.com,,,,,,,,,,Contact,Lisa Israelovitch,2026-02-02 12:13,2026-02-02 12:12,1,,,0,,,
50461743974,,summits.endeavorb2b.com,summits.endeavorb2b.com,,,,,,,,,,Contact,Lisa Israelovitch,2026-02-04 13:00,2026-02-02 9:04,1,,,0,,,
50178706489,,quebectech.com,quebectech.com,https://linkedin.com/company/quebectech,,,,,,,,30,Contact,Lisa Israelovitch,2026-01-29 16:28,2026-01-29 15:52,1,,,0,,,
49678511722,,hcg.com,hcg.com,https://linkedin.com/company/huronconsulting,13125838722,909 North Sepulveda Boulevard,Manhattan Beach,California,90266,United States,Human Resources,4609,Contact,Lisa Israelovitch,2026-01-29 14:38,2026-01-25 15:38,2,,,0,,,
46914047154,,hmhn.org,hmhn.org,,18488884538,"98 James St., Suite 108",Edison,NJ,8820,,Hospital & Health Care,36000,Contact,MacKenzie Masten,,2025-12-09 14:23,2,,,0,,,
46911724673,,hcrimson.com,hcrimson.com,,,,Spring Valley,New York,10977,United States,,5,Contact,,,2025-12-09 14:23,1,,,0,,,
46914511745,,lu.edu,lu.edu,,,,,,,,,,Contact,,,2025-12-09 14:23,1,,,0,,,
46834761609,,,,,,,,,,,,,Contact,,,2025-12-09 0:25,1,,,1,2025-12-09 0:25,Request a demo: Demo Request,
46853086607,,sjhc.london.on.ca,sjhc.london.on.ca,,,,,,,,,,Contact,,,2025-12-08 20:04,2,,,0,,,
44344927788,,,,,,,,,,,,,Contact,,,2025-11-10 10:01,1,,,1,2025-11-10 10:01,Owensboro Health Case Study: OB Case Study Download,
44047140191,,update.edu,update.edu,,,,,,,,,,Contact,,,2025-11-06 14:19,1,,,0,,,
43254008628,,,,,,,,,,,,,Contact,,,2025-10-30 9:59,1,,,1,2025-10-30 9:59,Request a demo: Demo Request,
43321594029,,,,,,,,,,,,,Contact,,,2025-10-30 0:48,1,,,1,2025-10-30 0:48,Request a demo: Demo Request,
42247205949,,,,,,,,,,,,,Contact,,,2025-10-22 19:18,1,,,1,2025-10-22 19:17,Request a demo: Demo Request,
42044994647,,,,,,,,,,,,,Contact,,,2025-10-19 6:40,1,,,1,2025-10-19 6:39,Request a demo: Demo Request,
42076034364,,,,,,,,,,,,,Contact,,,2025-10-17 22:30,1,,,1,2025-10-17 22:30,Request a demo: Demo Request,
41614845046,,,,,,,,,,,,,Contact,,,2025-10-15 0:29,1,,,1,2025-10-15 0:29,Request a demo: Demo Request,
41424634224,,,,,,,,,,,,,Contact,,,2025-10-12 10:41,1,,,1,2025-10-12 10:41,Request a demo: Demo Request,
40886317209,,,,,,,,,,,,,Contact,,,2025-10-04 23:20,1,,,1,2025-10-04 23:20,Request a demo: Demo Request,
39351131493,,,,,,,,,,,,,Contact,,,2025-09-10 14:14,0,,,,,,